vis_sad,vis_neu,vis_happy,rmssd,sdnn,lf_hf,注意力,meditation,day_index,__source__,row_id,积极视觉值,消极视觉值,attention,风险等级,timestamp,encrypted_risk,risk_score,label
,,,,,,,,,risk_log_plain.csv,,,,,,2026-05-04 00:00:00,,0.3333333333333333,1
,,,,,,,,,risk_log_plain.csv,,,,,,2026-05-04 00:10:00,,0.3333333333333333,1
,,,,,,,,,risk_log_plain.csv,,,,,,2026-05-04 00:20:00,,0.3333333333333333,1
,,,,,,,,,risk_log_plain.csv,,,,,,2026-05-04 00:30:00,,0.3333333333333333,1
,,,,,,,,,risk_log_plain.csv,,,,,,2026-05-04 00:40:00,,0.3333336666666667,1
,,,,,,,,,risk_log_plain.csv,,,,,,2026-05-04 00:50:00,,0.3333336666666666,1
,,,,,,,,,risk_log_plain.csv,,,,,,2026-05-04 01:00:00,,0.3333333333333333,1
,,,,,,,,,risk_log_plain.csv,,,,,,2026-05-04 01:10:00,,0.3333333333333333,1
,,,,,,,,,risk_log_plain.csv,,,,,,2026-05-04 01:20:00,,0.3333339999999999,1
,,,,,,,,,risk_log_plain.csv,,,,,,2026-05-04 01:30:00,,0.3333333333333333,1
,,,,,,,,,risk_log_plain.csv,,,,,,2026-05-04 01:40:00,,0.3333333333333333,1
,,,,,,,,,risk_log_plain.csv,,,,,,2026-05-04 01:50:00,,0.3333333333333333,1
,,,,,,,,,risk_log_plain.csv,,,,,,2026-05-04 02:00:00,,0.3333333333333333,1
,,,,,,,,,risk_log_plain.csv,,,,,,2026-05-04 02:10:00,,0.3333333333333333,1
,,,,,,,,,risk_log_plain.csv,,,,,,2026-05-04 02:20:00,,0.3333333333333333,1
,,,,,,,,,risk_log_plain.csv,,,,,,2026-05-04 02:30:00,,0.3333333333333333,1
,,,,,,,,,risk_log_plain.csv,,,,,,2026-05-04 02:40:00,,0.3333336666666666,1
,,,,,,,,,risk_log_plain.csv,,,,,,2026-05-04 02:50:00,,0.3333333333333333,1
,,,,,,,,,risk_log_plain.csv,,,,,,2026-05-04 03:00:00,,0.3333333333333333,1
,,,,,,,,,risk_log_plain.csv,,,,,,2026-05-04 03:10:00,,0.3333333333333333,1
,,,,,,,,,risk_log_plain.csv,,,,,,2026-05-04 03:20:00,,0.3333333333333333,1
,,,,,,,,,risk_log_plain.csv,,,,,,2026-05-04 03:30:00,,0.3333333333333333,1
,,,,,,,,,risk_log_plain.csv,,,,,,2026-05-04 03:40:00,,0.333333,1
,,,,,,,,,risk_log_plain.csv,,,,,,2026-05-04 03:50:00,,0.333333,1
,,,,,,,,,risk_log_plain.csv,,,,,,2026-05-04 04:00:00,,0.3333333333333333,1
,,,,,,,,,risk_log_plain.csv,,,,,,2026-05-04 04:10:00,,0.3333333333333333,1
,,,,,,,,,risk_log_plain.csv,,,,,,2026-05-04 04:20:00,,0.333333,1
,,,,,,,,,risk_log_plain.csv,,,,,,2026-05-04 04:30:00,,0.3333333333333333,1
,,,,,,,,,risk_log_plain.csv,,,,,,2026-05-04 04:40:00,,0.3333333333333333,1
,,,,,,,,,risk_log_plain.csv,,,,,,2026-05-04 04:50:00,,0.3333333333333333,1
,,,,,,,,,risk_log_plain.csv,,,,,,2026-05-04 05:00:00,,0.3333333333333333,1
,,,,,,,,,risk_log_plain.csv,,,,,,2026-05-04 05:10:00,,0.333333,1
,,,,,,,,,risk_log_plain.csv,,,,,,2026-05-04 05:20:00,,0.3333333333333333,1
,,,,,,,,,risk_log_plain.csv,,,,,,2026-05-04 05:30:00,,0.3333333333333333,1
,,,,,,,,,risk_log_plain.csv,,,,,,2026-05-04 05:40:00,,0.3333333333333333,1
,,,,,,,,,risk_log_plain.csv,,,,,,2026-05-04 05:50:00,,0.333333,1
,,,,,,,,,risk_log_plain.csv,,,,,,2026-05-04 06:00:00,,0.3333333333333333,1
,,,,,,,,,risk_log_plain.csv,,,,,,2026-05-04 06:10:00,,0.3333333333333333,1
,,,,,,,,,risk_log_plain.csv,,,,,,2026-05-04 06:20:00,,0.3333333333333333,1
,,,,,,,,,risk_log_plain.csv,,,,,,2026-05-04 06:30:00,,0.3333333333333333,1
,,,,,,,,,risk_log_plain.csv,,,,,,2026-05-04 06:40:00,,0.3333333333333333,1
,,,,,,,,,risk_log_plain.csv,,,,,,2026-05-04 06:50:00,,0.3333333333333333,1
,,,,,,,,,risk_log_plain.csv,,,,,,2026-05-04 07:00:00,,0.3333333333333333,1
,,,,,,,,,risk_log_plain.csv,,,,,,2026-05-04 07:10:00,,0.3333333333333333,1
,,,,,,,,,risk_log_plain.csv,,,,,,2026-05-04 07:20:00,,0.3333333333333333,1
,,,,,,,,,risk_log_plain.csv,,,,,,2026-05-04 07:30:00,,0.3333333333333333,1
,,,,,,,,,risk_log_plain.csv,,,,,,2026-05-04 07:40:00,,0.3333333333333333,1
,,,,,,,,,risk_log_plain.csv,,,,,,2026-05-04 07:50:00,,0.3333333333333333,1
,,,,,,,,,risk_log_plain.csv,,,,,,2026-05-04 08:00:00,,0.3333333333333333,1
,,,,,,,,,risk_log_plain.csv,,,,,,2026-05-04 08:10:00,,0.3333333333333333,1
,,,,,,,,,risk_log_plain.csv,,,,,,2026-05-04 08:20:00,,0.3333333333333333,1
,,,,,,,,,risk_log_plain.csv,,,,,,2026-05-04 08:30:00,,0.3333333333333333,1
,,,,,,,,,risk_log_plain.csv,,,,,,2026-05-04 08:40:00,,0.3333333333333333,1
,,,,,,,,,risk_log_plain.csv,,,,,,2026-05-04 08:50:00,,0.3333333333333333,1
,,,,,,,,,risk_log_plain.csv,,,,,,2026-05-04 09:00:00,,0.3333333333333333,1
,,,,,,,,,risk_log_plain.csv,,,,,,2026-05-04 09:10:00,,0.3333333333333333,1
,,,,,,,,,risk_log_plain.csv,,,,,,2026-05-04 09:20:00,,0.3333333333333333,1
,,,,,,,,,risk_log_plain.csv,,,,,,2026-05-04 09:30:00,,0.3333333333333333,1
,,,,,,,,,risk_log_plain.csv,,,,,,2026-05-04 09:40:00,,0.3333333333333333,1
,,,,,,,,,risk_log_plain.csv,,,,,,2026-05-04 09:50:00,,0.3333333333333333,1
,,,,,,,,,risk_log_plain.csv,,,,,,2026-05-04 10:00:00,,0.3333333333333333,1
,,,,,,,,,risk_log_plain.csv,,,,,,2026-05-04 10:10:00,,0.3333333333333333,1
,,,,,,,,,risk_log_plain.csv,,,,,,2026-05-04 10:20:00,,0.3333333333333333,1
,,,,,,,,,risk_log_plain.csv,,,,,,2026-05-04 10:30:00,,0.3333333333333333,1
,,,,,,,,,risk_log_plain.csv,,,,,,2026-05-04 10:40:00,,0.3333333333333333,1
,,,,,,,,,risk_log_plain.csv,,,,,,2026-05-04 10:50:00,,0.3333333333333333,1
,,,,,,,,,risk_log_plain.csv,,,,,,2026-05-04 11:00:00,,0.3333333333333333,1
,,,,,,,,,risk_log_plain.csv,,,,,,2026-05-04 11:10:00,,0.3333333333333333,1
,,,,,,,,,risk_log_plain.csv,,,,,,2026-05-04 11:20:00,,0.3333333333333333,1
,,,,,,,,,risk_log_plain.csv,,,,,,2026-05-04 11:30:00,,0.3333333333333333,1
,,,,,,,,,risk_log_plain.csv,,,,,,2026-05-04 11:40:00,,0.3333333333333333,1
,,,,,,,,,risk_log_plain.csv,,,,,,2026-05-04 11:50:00,,0.3333333333333333,1
,,,,,,,,,risk_log_plain.csv,,,,,,2026-05-04 12:00:00,,0.3333333333333333,1
,,,,,,,,,risk_log_plain.csv,,,,,,2026-05-04 12:10:00,,0.3333333333333333,1
,,,,,,,,,risk_log_plain.csv,,,,,,2026-05-04 12:20:00,,0.3333333333333333,1
,,,,,,,,,risk_log_plain.csv,,,,,,2026-05-04 12:30:00,,0.3333333333333333,1
,,,,,,,,,risk_log_plain.csv,,,,,,2026-05-04 12:40:00,,0.3333333333333333,1
,,,,,,,,,risk_log_plain.csv,,,,,,2026-05-04 12:50:00,,0.3333333333333333,1
,,,,,,,,,risk_log_plain.csv,,,,,,2026-05-04 13:00:00,,0.3333333333333333,1
,,,,,,,,,risk_log_plain.csv,,,,,,2026-05-04 13:10:00,,0.3333333333333333,1
,,,,,,,,,risk_log_plain.csv,,,,,,2026-05-04 13:20:00,,0.3333333333333333,1
,,,,,,,,,risk_log_plain.csv,,,,,,2026-05-04 13:30:00,,0.3333333333333333,1
,,,,,,,,,risk_log_plain.csv,,,,,,2026-05-04 13:40:00,,0.3333333333333333,1
,,,,,,,,,risk_log_plain.csv,,,,,,2026-05-04 13:50:00,,0.3333333333333333,1
,,,,,,,,,risk_log_plain.csv,,,,,,2026-05-04 14:00:00,,0.3333333333333333,1
,,,,,,,,,risk_log_plain.csv,,,,,,2026-05-04 14:10:00,,0.3333333333333333,1
,,,,,,,,,risk_log_plain.csv,,,,,,2026-05-04 14:20:00,,0.3333333333333333,1
,,,,,,,,,risk_log_plain.csv,,,,,,2026-05-04 14:30:00,,0.3333333333333333,1
,,,,,,,,,risk_log_plain.csv,,,,,,2026-05-04 14:40:00,,0.3333333333333333,1
,,,,,,,,,risk_log_plain.csv,,,,,,2026-05-04 14:50:00,,0.3333333333333333,1
,,,,,,,,,risk_log_plain.csv,,,,,,2026-05-04 15:00:00,,0.3333333333333333,1
,,,,,,,,,risk_log_plain.csv,,,,,,2026-05-04 15:10:00,,0.3333333333333333,1
,,,,,,,,,risk_log_plain.csv,,,,,,2026-05-04 15:20:00,,0.3333333333333333,1
,,,,,,,,,risk_log_plain.csv,,,,,,2026-05-04 15:30:00,,0.3333333333333333,1
,,,,,,,,,risk_log_plain.csv,,,,,,2026-05-04 15:40:00,,0.3333333333333333,1
,,,,,,,,,risk_log_plain.csv,,,,,,2026-05-04 15:50:00,,0.3333333333333333,1
,,,,,,,,,risk_log_plain.csv,,,,,,2026-05-04 16:00:00,,0.3333333333333333,1
,,,,,,,,,risk_log_plain.csv,,,,,,2026-05-04 16:10:00,,0.3333333333333333,1
,,,,,,,,,risk_log_plain.csv,,,,,,2026-05-04 16:20:00,,0.3333333333333333,1
,,,,,,,,,risk_log_plain.csv,,,,,,2026-05-04 16:30:00,,0.3333333333333333,1
,,,,,,,,,risk_log_plain.csv,,,,,,2026-05-04 16:40:00,,0.3333333333333333,1
,,,,,,,,,risk_log_plain.csv,,,,,,2026-05-04 16:50:00,,0.3333333333333333,1
,,,,,,,,,risk_log_plain.csv,,,,,,2026-05-04 17:00:00,,0.3333333333333333,1
,,,,,,,,,risk_log_plain.csv,,,,,,2026-05-04 17:10:00,,0.3333333333333333,1
,,,,,,,,,risk_log_plain.csv,,,,,,2026-05-04 17:20:00,,0.3333333333333333,1
,,,,,,,,,risk_log_plain.csv,,,,,,2026-05-04 17:30:00,,0.3333333333333333,1
,,,,,,,,,risk_log_plain.csv,,,,,,2026-05-04 17:40:00,,0.3333333333333333,1
,,,,,,,,,risk_log_plain.csv,,,,,,2026-05-04 17:50:00,,0.3333333333333333,1
,,,,,,,,,risk_log_plain.csv,,,,,,2026-05-04 18:00:00,,0.3333333333333333,1
,,,,,,,,,risk_log_plain.csv,,,,,,2026-05-04 18:10:00,,0.3333333333333333,1
,,,,,,,,,risk_log_plain.csv,,,,,,2026-05-04 18:20:00,,0.3333333333333333,1
,,,,,,,,,risk_log_plain.csv,,,,,,2026-05-04 18:30:00,,0.3333333333333333,1
,,,,,,,,,risk_log_plain.csv,,,,,,2026-05-04 18:40:00,,0.3333333333333333,1
,,,,,,,,,risk_log_plain.csv,,,,,,2026-05-04 18:50:00,,0.3333333333333333,1
,,,,,,,,,risk_log_plain.csv,,,,,,2026-05-04 19:00:00,,0.3333333333333333,1
,,,,,,,,,risk_log_plain.csv,,,,,,2026-05-04 19:10:00,,0.3333333333333333,1
,,,,,,,,,risk_log_plain.csv,,,,,,2026-05-04 19:20:00,,0.3333333333333333,1
,,,,,,,,,risk_log_plain.csv,,,,,,2026-05-04 19:30:00,,0.3333333333333333,1
,,,,,,,,,risk_log_plain.csv,,,,,,2026-05-04 19:40:00,,0.3333333333333333,1
,,,,,,,,,risk_log_plain.csv,,,,,,2026-05-04 19:50:00,,0.3333333333333333,1
,,,,,,,,,risk_log_plain.csv,,,,,,2026-05-04 20:00:00,,0.3333333333333333,1
,,,,,,,,,risk_log_plain.csv,,,,,,2026-05-04 20:10:00,,0.3333333333333333,1
,,,,,,,,,risk_log_plain.csv,,,,,,2026-05-04 20:20:00,,0.3333333333333333,1
,,,,,,,,,risk_log_plain.csv,,,,,,2026-05-04 20:30:00,,0.3333333333333333,1
,,,,,,,,,risk_log_plain.csv,,,,,,2026-05-04 20:40:00,,0.3333333333333333,1
,,,,,,,,,risk_log_plain.csv,,,,,,2026-05-04 20:50:00,,0.3333333333333333,1
,,,,,,,,,risk_log_plain.csv,,,,,,2026-05-04 21:00:00,,0.3333333333333333,1
,,,,,,,,,risk_log_plain.csv,,,,,,2026-05-04 21:10:00,,0.3333333333333333,1
,,,,,,,,,risk_log_plain.csv,,,,,,2026-05-04 21:20:00,,0.334074,1
,,,,,,,,,risk_log_plain.csv,,,,,,2026-05-04 21:30:00,,0.3333333333333333,1
,,,,,,,,,risk_log_plain.csv,,,,,,2026-05-04 21:40:00,,0.3333333333333333,1
,,,,,,,,,risk_log_plain.csv,,,,,,2026-05-04 21:50:00,,0.3333333333333333,1
,,,,,,,,,risk_log_plain.csv,,,,,,2026-05-04 22:00:00,,0.3333333333333333,1
,,,,,,,,,risk_log_plain.csv,,,,,,2026-05-04 22:10:00,,0.3333333333333333,1
,,,,,,,,,risk_log_plain.csv,,,,,,2026-05-04 22:20:00,,0.3333333333333333,1
,,,,,,,,,risk_log_plain.csv,,,,,,2026-05-04 22:30:00,,0.3333333333333333,1
,,,,,,,,,risk_log_plain.csv,,,,,,2026-05-04 22:40:00,,0.3333333333333333,1
,,,,,,,,,risk_log_plain.csv,,,,,,2026-05-04 22:50:00,,0.3333333333333333,1
,,,,,,,,,risk_log_plain.csv,,,,,,2026-05-04 23:00:00,,0.3333333333333333,1
,,,,,,,,,risk_log_plain.csv,,,,,,2026-05-04 23:10:00,,0.3333333333333333,1
,,,,,,,,,risk_log_plain.csv,,,,,,2026-05-04 23:20:00,,0.3333333333333333,1
,,,,,,,,,risk_log_plain.csv,,,,,,2026-05-04 23:30:00,,0.3333333333333333,1
,,,,,,,,,risk_log_plain.csv,,,,,,2026-05-04 23:40:00,,0.3333333333333333,1
,,,,,,,,,risk_log_plain.csv,,,,,,2026-05-05 00:00:00,,0.3333333333333333,1
,,,,,,,,,risk_log_plain.csv,,,,,,2026-05-05 00:10:00,,0.3333333333333333,1
,,,,,,,,,risk_log_plain.csv,,,,,,2026-05-05 00:20:00,,0.3333333333333333,1
,,,,,,,,,risk_log_plain.csv,,,,,,2026-05-05 00:30:00,,0.3333333333333333,1
,,,,,,,,,risk_log_plain.csv,,,,,,2026-05-05 00:40:00,,0.3333333333333333,1
,,,,,,,,,risk_log_plain.csv,,,,,,2026-05-05 00:50:00,,0.3333333333333333,1
,,,,,,,,,risk_log_plain.csv,,,,,,2026-05-05 01:00:00,,0.3333333333333333,1
,,,,,,,,,risk_log_plain.csv,,,,,,2026-05-05 01:10:00,,0.3333333333333333,1
,,,,,,,,,risk_log_plain.csv,,,,,,2026-05-05 01:20:00,,0.3333333333333333,1
,,,,,,,,,risk_log_plain.csv,,,,,,2026-05-05 01:30:00,,0.3333333333333333,1
,,,,,,,,,risk_log_plain.csv,,,,,,2026-05-05 01:40:00,,0.3333333333333333,1
,,,,,,,,,risk_log_plain.csv,,,,,,2026-05-05 01:50:00,,0.3333333333333333,1
,,,,,,,,,risk_log_plain.csv,,,,,,2026-05-05 02:00:00,,0.3333333333333333,1
,,,,,,,,,risk_log_plain.csv,,,,,,2026-05-05 02:10:00,,0.3333333333333333,1
,,,,,,,,,risk_log_plain.csv,,,,,,2026-05-05 02:20:00,,0.3333333333333333,1
,,,,,,,,,risk_log_plain.csv,,,,,,2026-05-05 02:30:00,,0.3333333333333333,1
,,,,,,,,,risk_log_plain.csv,,,,,,2026-05-05 02:40:00,,0.3333333333333333,1
,,,,,,,,,risk_log_plain.csv,,,,,,2026-05-05 02:50:00,,0.3333333333333333,1
,,,,,,,,,risk_log_plain.csv,,,,,,2026-05-05 03:00:00,,0.3333333333333333,1
,,,,,,,,,risk_log_plain.csv,,,,,,2026-05-05 03:10:00,,0.3333333333333333,1
,,,,,,,,,risk_log_plain.csv,,,,,,2026-05-05 03:20:00,,0.3333333333333333,1
,,,,,,,,,risk_log_plain.csv,,,,,,2026-05-05 03:30:00,,0.3333333333333333,1
,,,,,,,,,risk_log_plain.csv,,,,,,2026-05-05 03:40:00,,0.3333333333333333,1
,,,,,,,,,risk_log_plain.csv,,,,,,2026-05-05 03:50:00,,0.3333333333333333,1
,,,,,,,,,risk_log_plain.csv,,,,,,2026-05-05 04:00:00,,0.3333333333333333,1
,,,,,,,,,risk_log_plain.csv,,,,,,2026-05-05 04:10:00,,0.3333333333333333,1
,,,,,,,,,risk_log_plain.csv,,,,,,2026-05-05 04:20:00,,0.3333333333333333,1
,,,,,,,,,risk_log_plain.csv,,,,,,2026-05-05 04:30:00,,0.3333333333333333,1
,,,,,,,,,risk_log_plain.csv,,,,,,2026-05-05 04:40:00,,0.3333333333333333,1
,,,,,,,,,risk_log_plain.csv,,,,,,2026-05-05 04:50:00,,0.3333333333333333,1
,,,,,,,,,risk_log_plain.csv,,,,,,2026-05-05 05:00:00,,0.3333333333333333,1
,,,,,,,,,risk_log_plain.csv,,,,,,2026-05-05 05:10:00,,0.3333333333333333,1
,,,,,,,,,risk_log_plain.csv,,,,,,2026-05-05 05:20:00,,0.3333333333333333,1
,,,,,,,,,risk_log_plain.csv,,,,,,2026-05-05 05:30:00,,0.3333333333333333,1
,,,,,,,,,risk_log_plain.csv,,,,,,2026-05-05 05:40:00,,0.3333333333333333,1
,,,,,,,,,risk_log_plain.csv,,,,,,2026-05-05 05:50:00,,0.3333333333333333,1
,,,,,,,,,risk_log_plain.csv,,,,,,2026-05-05 06:00:00,,0.3333333333333333,1
,,,,,,,,,risk_log_plain.csv,,,,,,2026-05-05 06:10:00,,0.3333333333333333,1
,,,,,,,,,risk_log_plain.csv,,,,,,2026-05-05 06:20:00,,0.3333333333333333,1
,,,,,,,,,risk_log_plain.csv,,,,,,2026-05-05 06:30:00,,0.3333333333333333,1
,,,,,,,,,risk_log_plain.csv,,,,,,2026-05-05 06:40:00,,0.3333333333333333,1
,,,,,,,,,risk_log_plain.csv,,,,,,2026-05-05 06:50:00,,0.3333333333333333,1
,,,,,,,,,risk_log_plain.csv,,,,,,2026-05-05 07:00:00,,0.3333333333333333,1
,,,,,,,,,risk_log_plain.csv,,,,,,2026-05-05 07:10:00,,0.3333333333333333,1
,,,,,,,,,risk_log_plain.csv,,,,,,2026-05-05 07:20:00,,0.3333333333333333,1
,,,,,,,,,risk_log_plain.csv,,,,,,2026-05-05 07:30:00,,0.3333333333333333,1
,,,,,,,,,risk_log_plain.csv,,,,,,2026-05-05 07:40:00,,0.3333333333333333,1
,,,,,,,,,risk_log_plain.csv,,,,,,2026-05-05 07:50:00,,0.3333333333333333,1
,,,,,,,,,risk_log_plain.csv,,,,,,2026-05-05 08:00:00,,0.3333333333333333,1
,,,,,,,,,risk_log_plain.csv,,,,,,2026-05-05 08:10:00,,0.3333333333333333,1
,,,,,,,,,risk_log_plain.csv,,,,,,2026-05-05 08:20:00,,0.3333333333333333,1
,,,,,,,,,risk_log_plain.csv,,,,,,2026-05-05 08:30:00,,0.3333333333333333,1
,,,,,,,,,risk_log_plain.csv,,,,,,2026-05-05 08:40:00,,0.3333333333333333,1
,,,,,,,,,risk_log_plain.csv,,,,,,2026-05-05 08:50:00,,0.3333333333333333,1
,,,,,,,,,risk_log_plain.csv,,,,,,2026-05-05 09:00:00,,0.3333333333333333,1
,,,,,,,,,risk_log_plain.csv,,,,,,2026-05-05 09:10:00,,0.3333333333333333,1
,,,,,,,,,risk_log_plain.csv,,,,,,2026-05-05 09:20:00,,0.3333333333333333,1
,,,,,,,,,risk_log_plain.csv,,,,,,2026-05-05 09:30:00,,0.3333333333333333,1
,,,,,,,,,risk_log_plain.csv,,,,,,2026-05-05 09:40:00,,0.3333333333333333,1
,,,,,,,,,risk_log_plain.csv,,,,,,2026-05-05 09:50:00,,0.3333333333333333,1
,,,,,,,,,risk_log_plain.csv,,,,,,2026-05-05 10:00:00,,0.3333333333333333,1
,,,,,,,,,risk_log_plain.csv,,,,,,2026-05-05 10:10:00,,0.3333333333333333,1
,,,,,,,,,risk_log_plain.csv,,,,,,2026-05-05 10:20:00,,0.3333333333333333,1
,,,,,,,,,risk_log_plain.csv,,,,,,2026-05-05 10:30:00,,0.3333333333333333,1
,,,,,,,,,risk_log_plain.csv,,,,,,2026-05-05 10:40:00,,0.3333333333333333,1
,,,,,,,,,risk_log_plain.csv,,,,,,2026-05-05 10:50:00,,0.3333333333333333,1
,,,,,,,,,risk_log_plain.csv,,,,,,2026-05-05 11:00:00,,0.3333333333333333,1
,,,,,,,,,risk_log_plain.csv,,,,,,2026-05-05 11:10:00,,0.3333333333333333,1
,,,,,,,,,risk_log_plain.csv,,,,,,2026-05-05 11:20:00,,0.3333333333333333,1
,,,,,,,,,risk_log_plain.csv,,,,,,2026-05-05 11:30:00,,0.3333333333333333,1
,,,,,,,,,risk_log_plain.csv,,,,,,2026-05-05 11:40:00,,0.3333333333333333,1
,,,,,,,,,risk_log_plain.csv,,,,,,2026-05-05 11:50:00,,0.3333333333333333,1
,,,,,,,,,risk_log_plain.csv,,,,,,2026-05-05 12:00:00,,0.3333333333333333,1
,,,,,,,,,risk_log_plain.csv,,,,,,2026-05-05 12:10:00,,0.3333333333333333,1
,,,,,,,,,risk_log_plain.csv,,,,,,2026-05-05 12:20:00,,0.3334526666666667,1
,,,,,,,,,risk_log_plain.csv,,,,,,2026-05-05 12:30:00,,0.3333333333333333,1
,,,,,,,,,risk_log_plain.csv,,,,,,2026-05-05 12:40:00,,0.3333333333333333,1
,,,,,,,,,risk_log_plain.csv,,,,,,2026-05-05 12:50:00,,0.3333333333333333,1
,,,,,,,,,risk_log_plain.csv,,,,,,2026-05-05 13:00:00,,0.333333,1
,,,,,,,,,risk_log_plain.csv,,,,,,2026-05-05 13:10:00,,0.3333333333333333,1
,,,,,,,,,risk_log_plain.csv,,,,,,2026-05-05 13:20:00,,0.3333333333333333,1
,,,,,,,,,risk_log_plain.csv,,,,,,2026-05-05 13:30:00,,0.3333333333333333,1
,,,,,,,,,risk_log_plain.csv,,,,,,2026-05-05 13:40:00,,0.3333333333333333,1
,,,,,,,,,risk_log_plain.csv,,,,,,2026-05-05 13:50:00,,0.3333333333333333,1
,,,,,,,,,risk_log_plain.csv,,,,,,2026-05-05 14:00:00,,0.3333333333333333,1
,,,,,,,,,risk_log_plain.csv,,,,,,2026-05-05 14:10:00,,0.3333333333333333,1
,,,,,,,,,risk_log_plain.csv,,,,,,2026-05-05 14:20:00,,0.3337373333333333,1
,,,,,,,,,risk_log_plain.csv,,,,,,2026-05-05 14:30:00,,0.3333,1
,,,,,,,,,risk_log_plain.csv,,,,,,2026-05-05 14:40:00,,0.3333333333333333,1
,,,,,,,,,risk_log_plain.csv,,,,,,2026-05-05 14:50:00,,0.3337856666666667,1
,,,,,,,,,risk_log_plain.csv,,,,,,2026-05-05 15:00:00,,0.333494,1
,,,,,,,,,risk_log_plain.csv,,,,,,2026-05-05 15:10:00,,0.3337776666666667,1
,,,,,,,,,risk_log_plain.csv,,,,,,2026-05-05 15:20:00,,0.333375,1
,,,,,,,,,risk_log_plain.csv,,,,,,2026-05-05 15:30:00,,0.3333366666666666,1
,,,,,,,,,risk_log_plain.csv,,,,,,2026-05-05 15:40:00,,0.3333333333333333,1
,,,,,,,,,risk_log_plain.csv,,,,,,2026-05-05 15:50:00,,0.3333333333333333,1
,,,,,,,,,risk_log_plain.csv,,,,,,2026-05-05 16:00:00,,0.3336666666666667,1
,,,,,,,,,risk_log_plain.csv,,,,,,2026-05-05 16:10:00,,0.3333333333333333,1
,,,,,,,,,risk_log_plain.csv,,,,,,2026-05-05 16:20:00,,0.3333333333333333,1
,,,,,,,,,risk_log_plain.csv,,,,,,2026-05-05 16:30:00,,0.333337,1
,,,,,,,,,risk_log_plain.csv,,,,,,2026-05-05 16:40:00,,0.333333,1
,,,,,,,,,risk_log_plain.csv,,,,,,2026-05-05 16:50:00,,0.3333333333333333,1
,,,,,,,,,risk_log_plain.csv,,,,,,2026-05-05 17:00:00,,0.3333333333333333,1
,,,,,,,,,risk_log_plain.csv,,,,,,2026-05-05 17:10:00,,0.3333333333333333,1
,,,,,,,,,risk_log_plain.csv,,,,,,2026-05-05 17:20:00,,0.3333333333333333,1
,,,,,,,,,risk_log_plain.csv,,,,,,2026-05-05 17:30:00,,0.333341,1
,,,,,,,,,risk_log_plain.csv,,,,,,2026-05-05 17:40:00,,0.3333333333333333,1
,,,,,,,,,risk_log_plain.csv,,,,,,2026-05-05 17:50:00,,0.3333333333333333,1
,,,,,,,,,risk_log_plain.csv,,,,,,2026-05-05 18:00:00,,0.3333333333333333,1
,,,,,,,,,risk_log_plain.csv,,,,,,2026-05-05 18:10:00,,0.3333333333333333,1
,,,,,,,,,risk_log_plain.csv,,,,,,2026-05-05 18:20:00,,0.3333333333333333,1
,,,,,,,,,risk_log_plain.csv,,,,,,2026-05-05 18:30:00,,0.3333333333333333,1
,,,,,,,,,risk_log_plain.csv,,,,,,2026-05-05 18:40:00,,0.3333333333333333,1
,,,,,,,,,risk_log_plain.csv,,,,,,2026-05-05 18:50:00,,0.3333333333333333,1
,,,,,,,,,risk_log_plain.csv,,,,,,2026-05-05 19:00:00,,0.3333333333333333,1
,,,,,,,,,risk_log_plain.csv,,,,,,2026-05-05 19:10:00,,0.3333333333333333,1
,,,,,,,,,risk_log_plain.csv,,,,,,2026-05-05 19:20:00,,0.3333703333333333,1
,,,,,,,,,risk_log_plain.csv,,,,,,2026-05-05 19:30:00,,0.3333783333333333,1
,,,,,,,,,risk_log_plain.csv,,,,,,2026-05-05 19:40:00,,0.333407,1
,,,,,,,,,risk_log_plain.csv,,,,,,2026-05-05 19:50:00,,0.3333333333333333,1
,,,,,,,,,risk_log_plain.csv,,,,,,2026-05-05 20:00:00,,0.3333333333333333,1
,,,,,,,,,risk_log_plain.csv,,,,,,2026-05-05 20:10:00,,0.3333333333333333,1
,,,,,,,,,risk_log_plain.csv,,,,,,2026-05-05 20:20:00,,0.3333333333333333,1
,,,,,,,,,risk_log_plain.csv,,,,,,2026-05-05 20:30:00,,0.3337036666666667,1
,,,,,,,,,risk_log_plain.csv,,,,,,2026-05-05 20:40:00,,0.3333333333333333,1
,,,,,,,,,risk_log_plain.csv,,,,,,2026-05-05 20:50:00,,0.3333333333333333,1
,,,,,,,,,risk_log_plain.csv,,,,,,2026-05-05 21:00:00,,0.3333333333333333,1
,,,,,,,,,risk_log_plain.csv,,,,,,2026-05-05 21:10:00,,0.3333333333333333,1
,,,,,,,,,risk_log_plain.csv,,,,,,2026-05-05 21:20:00,,0.3333333333333333,1
,,,,,,,,,risk_log_plain.csv,,,,,,2026-05-05 21:30:00,,0.3333333333333333,1
,,,,,,,,,risk_log_plain.csv,,,,,,2026-05-05 21:40:00,,0.3333333333333333,1
,,,,,,,,,risk_log_plain.csv,,,,,,2026-05-05 21:50:00,,0.3333333333333333,1
,,,,,,,,,risk_log_plain.csv,,,,,,2026-05-05 22:00:00,,0.3333333333333333,1
,,,,,,,,,risk_log_plain.csv,,,,,,2026-05-05 22:10:00,,0.3333333333333333,1
,,,,,,,,,risk_log_plain.csv,,,,,,2026-05-05 22:20:00,,0.3333703333333333,1
,,,,,,,,,risk_log_plain.csv,,,,,,2026-05-05 22:30:00,,0.3333333333333333,1
,,,,,,,,,risk_log_plain.csv,,,,,,2026-05-05 22:40:00,,0.3333333333333333,1
,,,,,,,,,risk_log_plain.csv,,,,,,2026-05-05 22:50:00,,0.3333333333333333,1
,,,,,,,,,risk_log_plain.csv,,,,,,2026-05-05 23:00:00,,0.3333783333333333,1
,,,,,,,,,risk_log_plain.csv,,,,,,2026-05-05 23:10:00,,0.3333333333333333,1
,,,,,,,,,risk_log_plain.csv,,,,,,2026-05-05 23:20:00,,0.3333333333333333,1
,,,,,,,,,risk_log_plain.csv,,,,,,2026-05-05 23:30:00,,0.3333333333333333,1
,,,,,,,,,risk_log_plain.csv,,,,,,2026-05-05 23:40:00,,0.3333333333333333,1
,,,,,,,,,risk_log_plain.csv,,,,,,2026-05-05 23:50:00,,0.3333333333333333,1
,,,,,,,,,risk_log_plain.csv,,,,,,2026-05-06 00:00:00,,0.3333333333333333,1
,,,,,,,,,risk_log_plain.csv,,,,,,2026-05-06 00:10:00,,0.3333333333333333,1
,,,,,,,,,risk_log_plain.csv,,,,,,2026-05-06 00:20:00,,0.3333333333333333,1
,,,,,,,,,risk_log_plain.csv,,,,,,2026-05-06 00:30:00,,0.3333333333333333,1
,,,,,,,,,risk_log_plain.csv,,,,,,2026-05-06 00:40:00,,0.3333333333333333,1
,,,,,,,,,risk_log_plain.csv,,,,,,2026-05-06 00:50:00,,0.3333333333333333,1
,,,,,,,,,risk_log_plain.csv,,,,,,2026-05-06 01:00:00,,0.3333333333333333,1
,,,,,,,,,risk_log_plain.csv,,,,,,2026-05-06 01:10:00,,0.3333333333333333,1
,,,,,,,,,risk_log_plain.csv,,,,,,2026-05-06 01:20:00,,0.3333333333333333,1
,,,,,,,,,risk_log_plain.csv,,,,,,2026-05-06 01:30:00,,0.3333333333333333,1
,,,,,,,,,risk_log_plain.csv,,,,,,2026-05-06 01:40:00,,0.3333333333333333,1
,,,,,,,,,risk_log_plain.csv,,,,,,2026-05-06 01:50:00,,0.3333333333333333,1
,,,,,,,,,risk_log_plain.csv,,,,,,2026-05-06 02:00:00,,0.3333333333333333,1
,,,,,,,,,risk_log_plain.csv,,,,,,2026-05-06 02:10:00,,0.3333333333333333,1
,,,,,,,,,risk_log_plain.csv,,,,,,2026-05-06 02:20:00,,0.3333333333333333,1
,,,,,,,,,risk_log_plain.csv,,,,,,2026-05-06 02:30:00,,0.3333333333333333,1
,,,,,,,,,risk_log_plain.csv,,,,,,2026-05-06 02:40:00,,0.3333333333333333,1
,,,,,,,,,risk_log_plain.csv,,,,,,2026-05-06 02:50:00,,0.3333333333333333,1
,,,,,,,,,risk_log_plain.csv,,,,,,2026-05-06 03:00:00,,0.3333333333333333,1
,,,,,,,,,risk_log_plain.csv,,,,,,2026-05-06 03:10:00,,0.3333333333333333,1
,,,,,,,,,risk_log_plain.csv,,,,,,2026-05-06 03:20:00,,0.3333333333333333,1
,,,,,,,,,risk_log_plain.csv,,,,,,2026-05-06 03:30:00,,0.3333333333333333,1
,,,,,,,,,risk_log_plain.csv,,,,,,2026-05-06 03:40:00,,0.3333333333333333,1
,,,,,,,,,risk_log_plain.csv,,,,,,2026-05-06 03:50:00,,0.3333333333333333,1
,,,,,,,,,risk_log_plain.csv,,,,,,2026-05-06 04:00:00,,0.3333333333333333,1
,,,,,,,,,risk_log_plain.csv,,,,,,2026-05-06 04:10:00,,0.3333333333333333,1
,,,,,,,,,risk_log_plain.csv,,,,,,2026-05-06 04:20:00,,0.3333333333333333,1
,,,,,,,,,risk_log_plain.csv,,,,,,2026-05-06 04:30:00,,0.3333333333333333,1
,,,,,,,,,risk_log_plain.csv,,,,,,2026-05-06 04:40:00,,0.3333333333333333,1
,,,,,,,,,risk_log_plain.csv,,,,,,2026-05-06 04:50:00,,0.3333333333333333,1
,,,,,,,,,risk_log_plain.csv,,,,,,2026-05-06 05:00:00,,0.3333333333333333,1
,,,,,,,,,risk_log_plain.csv,,,,,,2026-05-06 05:10:00,,0.3333333333333333,1
,,,,,,,,,risk_log_plain.csv,,,,,,2026-05-06 05:20:00,,0.3333333333333333,1
,,,,,,,,,risk_log_plain.csv,,,,,,2026-05-06 05:30:00,,0.3333333333333333,1
,,,,,,,,,risk_log_plain.csv,,,,,,2026-05-06 05:40:00,,0.3333333333333333,1
,,,,,,,,,risk_log_plain.csv,,,,,,2026-05-06 05:50:00,,0.3333333333333333,1
,,,,,,,,,risk_log_plain.csv,,,,,,2026-05-06 06:00:00,,0.3333333333333333,1
,,,,,,,,,risk_log_plain.csv,,,,,,2026-05-06 06:10:00,,0.3333333333333333,1
,,,,,,,,,risk_log_plain.csv,,,,,,2026-05-06 06:20:00,,0.3333333333333333,1
,,,,,,,,,risk_log_plain.csv,,,,,,2026-05-06 06:30:00,,0.3333333333333333,1
,,,,,,,,,risk_log_plain.csv,,,,,,2026-05-06 06:40:00,,0.3333333333333333,1
,,,,,,,,,risk_log_plain.csv,,,,,,2026-05-06 06:50:00,,0.3333333333333333,1
,,,,,,,,,risk_log_plain.csv,,,,,,2026-05-06 07:00:00,,0.3333333333333333,1
,,,,,,,,,risk_log_plain.csv,,,,,,2026-05-06 07:10:00,,0.3333333333333333,1
,,,,,,,,,risk_log_plain.csv,,,,,,2026-05-06 07:20:00,,0.3333333333333333,1
,,,,,,,,,risk_log_plain.csv,,,,,,2026-05-06 07:30:00,,0.3333333333333333,1
,,,,,,,,,risk_log_plain.csv,,,,,,2026-05-06 07:40:00,,0.3333333333333333,1
,,,,,,,,,risk_log_plain.csv,,,,,,2026-05-06 07:50:00,,0.3333333333333333,1
,,,,,,,,,risk_log_plain.csv,,,,,,2026-05-06 08:00:00,,0.3333333333333333,1
,,,,,,,,,risk_log_plain.csv,,,,,,2026-05-06 08:10:00,,0.3333333333333333,1
,,,,,,,,,risk_log_plain.csv,,,,,,2026-05-06 08:20:00,,0.3333333333333333,1
,,,,,,,,,risk_log_plain.csv,,,,,,2026-05-06 08:30:00,,0.3333333333333333,1
,,,,,,,,,risk_log_plain.csv,,,,,,2026-05-06 08:40:00,,0.3333333333333333,1
,,,,,,,,,risk_log_plain.csv,,,,,,2026-05-06 08:50:00,,0.3333333333333333,1
,,,,,,,,,risk_log_plain.csv,,,,,,2026-05-06 09:00:00,,0.3333333333333333,1
,,,,,,,,,risk_log_plain.csv,,,,,,2026-05-06 09:10:00,,0.3333333333333333,1
,,,,,,,,,risk_log_plain.csv,,,,,,2026-05-06 09:20:00,,0.3333333333333333,1
,,,,,,,,,risk_log_plain.csv,,,,,,2026-05-06 09:30:00,,0.3333333333333333,1
,,,,,,,,,risk_log_plain.csv,,,,,,2026-05-06 09:40:00,,0.3333333333333333,1
,,,,,,,,,risk_log_plain.csv,,,,,,2026-05-06 09:50:00,,0.3333333333333333,1
,,,,,,,,,risk_log_plain.csv,,,,,,2026-05-06 10:00:00,,0.3333333333333333,1
,,,,,,,,,risk_log_plain.csv,,,,,,2026-05-06 10:10:00,,0.3333333333333333,1
,,,,,,,,,risk_log_plain.csv,,,,,,2026-05-06 10:20:00,,0.3333333333333333,1
,,,,,,,,,risk_log_plain.csv,,,,,,2026-05-06 10:30:00,,0.3333333333333333,1
,,,,,,,,,risk_log_plain.csv,,,,,,2026-05-06 10:40:00,,0.3333333333333333,1
,,,,,,,,,risk_log_plain.csv,,,,,,2026-05-06 10:50:00,,0.3333333333333333,1
,,,,,,,,,risk_log_plain.csv,,,,,,2026-05-06 11:00:00,,0.3333333333333333,1
,,,,,,,,,risk_log_plain.csv,,,,,,2026-05-06 11:10:00,,0.3333333333333333,1
,,,,,,,,,risk_log_plain.csv,,,,,,2026-05-06 11:20:00,,0.3333333333333333,1
,,,,,,,,,risk_log_plain.csv,,,,,,2026-05-06 11:30:00,,0.3333333333333333,1
,,,,,,,,,risk_log_plain.csv,,,,,,2026-05-06 11:40:00,,0.3333333333333333,1
,,,,,,,,,risk_log_plain.csv,,,,,,2026-05-06 11:50:00,,0.3333333333333333,1
,,,,,,,,,risk_log_plain.csv,,,,,,2026-05-06 12:00:00,,0.3333333333333333,1
,,,,,,,,,risk_log_plain.csv,,,,,,2026-05-06 12:10:00,,0.3333333333333333,1
,,,,,,,,,risk_log_plain.csv,,,,,,2026-05-06 12:20:00,,0.3333333333333333,1
,,,,,,,,,risk_log_plain.csv,,,,,,2026-05-06 12:30:00,,0.3333333333333333,1
,,,,,,,,,risk_log_plain.csv,,,,,,2026-05-06 12:40:00,,0.3333333333333333,1
,,,,,,,,,risk_log_plain.csv,,,,,,2026-05-06 12:50:00,,0.3333333333333333,1
,,,,,,,,,risk_log_plain.csv,,,,,,2026-05-06 13:00:00,,0.3333333333333333,1
,,,,,,,,,risk_log_plain.csv,,,,,,2026-05-06 13:10:00,,0.3333333333333333,1
,,,,,,,,,risk_log_plain.csv,,,,,,2026-05-06 13:20:00,,0.3333333333333333,1
,,,,,,,,,risk_log_plain.csv,,,,,,2026-05-06 13:30:00,,0.3333333333333333,1
,,,,,,,,,risk_log_plain.csv,,,,,,2026-05-06 13:40:00,,0.3333333333333333,1
,,,,,,,,,risk_log_plain.csv,,,,,,2026-05-06 13:50:00,,0.3333333333333333,1
,,,,,,,,,risk_log_plain.csv,,,,,,2026-05-06 14:00:00,,0.3333333333333333,1
,,,,,,,,,risk_log_plain.csv,,,,,,2026-05-06 14:10:00,,0.3333333333333333,1
,,,,,,,,,risk_log_plain.csv,,,,,,2026-05-06 14:20:00,,0.3333333333333333,1
,,,,,,,,,risk_log_plain.csv,,,,,,2026-05-06 14:30:00,,0.3333333333333333,1
,,,,,,,,,risk_log_plain.csv,,,,,,2026-05-06 14:40:00,,0.3333333333333333,1
,,,,,,,,,risk_log_plain.csv,,,,,,2026-05-06 14:50:00,,0.3333333333333333,1
,,,,,,,,,risk_log_plain.csv,,,,,,2026-05-06 15:00:00,,0.3333333333333333,1
,,,,,,,,,risk_log_plain.csv,,,,,,2026-05-06 15:10:00,,0.3333333333333333,1
,,,,,,,,,risk_log_plain.csv,,,,,,2026-05-06 15:20:00,,0.3333333333333333,1
,,,,,,,,,risk_log_plain.csv,,,,,,2026-05-06 15:30:00,,0.3333333333333333,1
,,,,,,,,,risk_log_plain.csv,,,,,,2026-05-06 15:40:00,,0.3333333333333333,1
,,,,,,,,,risk_log_plain.csv,,,,,,2026-05-06 15:50:00,,0.3333333333333333,1
,,,,,,,,,risk_log_plain.csv,,,,,,2026-05-06 16:00:00,,0.3333333333333333,1
,,,,,,,,,risk_log_plain.csv,,,,,,2026-05-06 16:10:00,,0.3333333333333333,1
,,,,,,,,,risk_log_plain.csv,,,,,,2026-05-06 16:20:00,,0.3333333333333333,1
,,,,,,,,,risk_log_plain.csv,,,,,,2026-05-06 16:30:00,,0.3333333333333333,1
,,,,,,,,,risk_log_plain.csv,,,,,,2026-05-06 16:40:00,,0.3333333333333333,1
,,,,,,,,,risk_log_plain.csv,,,,,,2026-05-06 16:50:00,,0.3333333333333333,1
,,,,,,,,,risk_log_plain.csv,,,,,,2026-05-06 17:00:00,,0.3333333333333333,1
,,,,,,,,,risk_log_plain.csv,,,,,,2026-05-06 17:10:00,,0.3334526666666667,1
,,,,,,,,,risk_log_plain.csv,,,,,,2026-05-06 17:20:00,,0.3333333333333333,1
,,,,,,,,,risk_log_plain.csv,,,,,,2026-05-06 17:30:00,,0.3333333333333333,1
,,,,,,,,,risk_log_plain.csv,,,,,,2026-05-06 17:40:00,,0.3333333333333333,1
,,,,,,,,,risk_log_plain.csv,,,,,,2026-05-06 17:50:00,,0.333333,1
,,,,,,,,,risk_log_plain.csv,,,,,,2026-05-06 18:00:00,,0.3333333333333333,1
,,,,,,,,,risk_log_plain.csv,,,,,,2026-05-06 18:10:00,,0.3333333333333333,1
,,,,,,,,,risk_log_plain.csv,,,,,,2026-05-06 18:20:00,,0.3333333333333333,1
,,,,,,,,,risk_log_plain.csv,,,,,,2026-05-06 18:30:00,,0.3333333333333333,1
,,,,,,,,,risk_log_plain.csv,,,,,,2026-05-06 18:40:00,,0.3333333333333333,1
,,,,,,,,,risk_log_plain.csv,,,,,,2026-05-06 18:50:00,,0.3333333333333333,1
,,,,,,,,,risk_log_plain.csv,,,,,,2026-05-06 19:00:00,,0.3333333333333333,1
,,,,,,,,,risk_log_plain.csv,,,,,,2026-05-06 19:10:00,,0.3337373333333333,1
,,,,,,,,,risk_log_plain.csv,,,,,,2026-05-06 19:20:00,,0.3333,1
,,,,,,,,,risk_log_plain.csv,,,,,,2026-05-06 19:30:00,,0.3333333333333333,1
,,,,,,,,,risk_log_plain.csv,,,,,,2026-05-06 19:40:00,,0.3337856666666667,1
,,,,,,,,,risk_log_plain.csv,,,,,,2026-05-06 19:50:00,,0.333494,1
,,,,,,,,,risk_log_plain.csv,,,,,,2026-05-06 20:00:00,,0.3337776666666667,1
,,,,,,,,,risk_log_plain.csv,,,,,,2026-05-06 20:10:00,,0.333375,1
,,,,,,,,,risk_log_plain.csv,,,,,,2026-05-06 20:20:00,,0.3333366666666666,1
,,,,,,,,,risk_log_plain.csv,,,,,,2026-05-06 20:30:00,,0.3333333333333333,1
,,,,,,,,,risk_log_plain.csv,,,,,,2026-05-06 20:40:00,,0.3333333333333333,1
,,,,,,,,,risk_log_plain.csv,,,,,,2026-05-06 20:50:00,,0.3336666666666667,1
,,,,,,,,,risk_log_plain.csv,,,,,,2026-05-06 21:00:00,,0.3333333333333333,1
,,,,,,,,,risk_log_plain.csv,,,,,,2026-05-06 21:10:00,,0.3333333333333333,1
,,,,,,,,,risk_log_plain.csv,,,,,,2026-05-06 21:20:00,,0.333337,1
,,,,,,,,,risk_log_plain.csv,,,,,,2026-05-06 21:30:00,,0.333333,1
,,,,,,,,,risk_log_plain.csv,,,,,,2026-05-06 21:40:00,,0.3333333333333333,1
,,,,,,,,,risk_log_plain.csv,,,,,,2026-05-06 21:50:00,,0.3333333333333333,1
,,,,,,,,,risk_log_plain.csv,,,,,,2026-05-06 22:00:00,,0.3333333333333333,1
,,,,,,,,,risk_log_plain.csv,,,,,,2026-05-06 22:10:00,,0.3333333333333333,1
,,,,,,,,,risk_log_plain.csv,,,,,,2026-05-06 22:20:00,,0.333341,1
,,,,,,,,,risk_log_plain.csv,,,,,,2026-05-06 22:30:00,,0.3333333333333333,1
,,,,,,,,,risk_log_plain.csv,,,,,,2026-05-06 22:40:00,,0.3333333333333333,1
,,,,,,,,,risk_log_plain.csv,,,,,,2026-05-06 22:50:00,,0.3333333333333333,1
,,,,,,,,,risk_log_plain.csv,,,,,,2026-05-06 23:00:00,,0.3333333333333333,1
,,,,,,,,,risk_log_plain.csv,,,,,,2026-05-06 23:10:00,,0.3333333333333333,1
,,,,,,,,,risk_log_plain.csv,,,,,,2026-05-06 23:20:00,,0.3333333333333333,1
,,,,,,,,,risk_log_plain.csv,,,,,,2026-05-06 23:30:00,,0.3333333333333333,1
,,,,,,,,,risk_log_plain.csv,,,,,,2026-05-06 23:40:00,,0.3333333333333333,1
,,,,,,,,,risk_log_plain.csv,,,,,,2026-05-06 23:50:00,,0.3333333333333333,1
,,,,,,,,,risk_log_plain.csv,,,,,,2026-05-07 00:00:00,,0.3333333333333333,1
,,,,,,,,,risk_log_plain.csv,,,,,,2026-05-07 00:10:00,,0.3333333333333333,1
,,,,,,,,,risk_log_plain.csv,,,,,,2026-05-07 00:20:00,,0.3333333333333333,1
,,,,,,,,,risk_log_plain.csv,,,,,,2026-05-07 00:30:00,,0.3333333333333333,1
,,,,,,,,,risk_log_plain.csv,,,,,,2026-05-07 00:40:00,,0.3333333333333333,1
,,,,,,,,,risk_log_plain.csv,,,,,,2026-05-07 00:50:00,,0.3333333333333333,1
,,,,,,,,,risk_log_plain.csv,,,,,,2026-05-07 01:00:00,,0.3333333333333333,1
,,,,,,,,,risk_log_plain.csv,,,,,,2026-05-07 01:10:00,,0.3333333333333333,1
,,,,,,,,,risk_log_plain.csv,,,,,,2026-05-07 01:20:00,,0.3333333333333333,1
,,,,,,,,,risk_log_plain.csv,,,,,,2026-05-07 01:30:00,,0.3333333333333333,1
,,,,,,,,,risk_log_plain.csv,,,,,,2026-05-07 01:40:00,,0.3333333333333333,1
,,,,,,,,,risk_log_plain.csv,,,,,,2026-05-07 01:50:00,,0.3333333333333333,1
,,,,,,,,,risk_log_plain.csv,,,,,,2026-05-07 02:00:00,,0.3333333333333333,1
,,,,,,,,,risk_log_plain.csv,,,,,,2026-05-07 02:10:00,,0.3333333333333333,1
,,,,,,,,,risk_log_plain.csv,,,,,,2026-05-07 02:20:00,,0.3333333333333333,1
,,,,,,,,,risk_log_plain.csv,,,,,,2026-05-07 02:30:00,,0.3333333333333333,1
,,,,,,,,,risk_log_plain.csv,,,,,,2026-05-07 02:40:00,,0.3333333333333333,1
,,,,,,,,,risk_log_plain.csv,,,,,,2026-05-07 02:50:00,,0.3333333333333333,1
,,,,,,,,,risk_log_plain.csv,,,,,,2026-05-07 03:00:00,,0.3333333333333333,1
,,,,,,,,,risk_log_plain.csv,,,,,,2026-05-07 03:10:00,,0.3333333333333333,1
,,,,,,,,,risk_log_plain.csv,,,,,,2026-05-07 03:20:00,,0.3333333333333333,1
,,,,,,,,,risk_log_plain.csv,,,,,,2026-05-07 03:30:00,,0.3333333333333333,1
,,,,,,,,,risk_log_plain.csv,,,,,,2026-05-07 03:40:00,,0.3333333333333333,1
,,,,,,,,,risk_log_plain.csv,,,,,,2026-05-07 03:50:00,,0.3333333333333333,1
,,,,,,,,,risk_log_plain.csv,,,,,,2026-05-07 04:00:00,,0.3333333333333333,1
,,,,,,,,,risk_log_plain.csv,,,,,,2026-05-07 04:10:00,,0.3333333333333333,1
,,,,,,,,,risk_log_plain.csv,,,,,,2026-05-07 04:20:00,,0.3333333333333333,1
,,,,,,,,,risk_log_plain.csv,,,,,,2026-05-07 04:30:00,,0.3333333333333333,1
,,,,,,,,,risk_log_plain.csv,,,,,,2026-05-07 04:40:00,,0.3333333333333333,1
,,,,,,,,,risk_log_plain.csv,,,,,,2026-05-07 04:50:00,,0.3333333333333333,1
,,,,,,,,,risk_log_plain.csv,,,,,,2026-05-07 05:00:00,,0.3333333333333333,1
,,,,,,,,,risk_log_plain.csv,,,,,,2026-05-07 05:10:00,,0.3333333333333333,1
,,,,,,,,,risk_log_plain.csv,,,,,,2026-05-07 05:20:00,,0.3333333333333333,1
,,,,,,,,,risk_log_plain.csv,,,,,,2026-05-07 05:30:00,,0.3333333333333334,1
,,,,,,,,,risk_log_plain.csv,,,,,,2026-05-07 05:40:00,,0.3333333333333333,1
,,,,,,,,,risk_log_plain.csv,,,,,,2026-05-07 05:50:00,,0.3333333333333333,1
,,,,,,,,,risk_log_plain.csv,,,,,,2026-05-07 06:00:00,,0.3333333333333333,1
,,,,,,,,,risk_log_plain.csv,,,,,,2026-05-07 06:10:00,,0.3333333333333333,1
,,,,,,,,,risk_log_plain.csv,,,,,,2026-05-07 06:20:00,,0.3333333333333333,1
,,,,,,,,,risk_log_plain.csv,,,,,,2026-05-07 06:30:00,,0.3333333333333333,1
,,,,,,,,,risk_log_plain.csv,,,,,,2026-05-07 06:40:00,,0.3333333333333333,1
,,,,,,,,,risk_log_plain.csv,,,,,,2026-05-07 06:50:00,,0.3333333333333333,1
,,,,,,,,,risk_log_plain.csv,,,,,,2026-05-07 07:00:00,,0.3333333333333333,1
,,,,,,,,,risk_log_plain.csv,,,,,,2026-05-07 07:10:00,,0.3333333333333333,1
,,,,,,,,,risk_log_plain.csv,,,,,,2026-05-07 07:20:00,,0.3333333333333333,1
,,,,,,,,,risk_log_plain.csv,,,,,,2026-05-07 07:30:00,,0.3333333333333333,1
,,,,,,,,,risk_log_plain.csv,,,,,,2026-05-07 07:40:00,,0.3333333333333333,1
,,,,,,,,,risk_log_plain.csv,,,,,,2026-05-07 07:50:00,,0.3333333333333333,1
,,,,,,,,,risk_log_plain.csv,,,,,,2026-05-07 08:00:00,,0.3333333333333333,1
,,,,,,,,,risk_log_plain.csv,,,,,,2026-05-07 08:10:00,,0.3333333333333333,1
,,,,,,,,,risk_log_plain.csv,,,,,,2026-05-07 08:20:00,,0.3333333333333333,1
,,,,,,,,,risk_log_plain.csv,,,,,,2026-05-07 08:30:00,,0.3333296666666667,1
,,,,,,,,,risk_log_plain.csv,,,,,,2026-05-07 08:40:00,,0.3333333333333333,1
,,,,,,,,,risk_log_plain.csv,,,,,,2026-05-07 08:50:00,,0.3333333333333333,1
,,,,,,,,,risk_log_plain.csv,,,,,,2026-05-07 09:00:00,,0.3333333333333333,1
,,,,,,,,,risk_log_plain.csv,,,,,,2026-05-07 09:10:00,,0.3333333333333333,1
,,,,,,,,,risk_log_plain.csv,,,,,,2026-05-07 09:20:00,,0.3333333333333333,1
,,,,,,,,,risk_log_plain.csv,,,,,,2026-05-07 09:30:00,,0.3333333333333333,1
,,,,,,,,,risk_log_plain.csv,,,,,,2026-05-07 09:40:00,,0.3333333333333333,1
,,,,,,,,,risk_log_plain.csv,,,,,,2026-05-07 09:50:00,,0.3333333333333333,1
,,,,,,,,,risk_log_plain.csv,,,,,,2026-05-07 10:00:00,,0.3333333333333333,1
,,,,,,,,,risk_log_plain.csv,,,,,,2026-05-07 10:10:00,,0.3333333333333333,1
,,,,,,,,,risk_log_plain.csv,,,,,,2026-05-07 10:20:00,,0.3333333333333333,1
,,,,,,,,,risk_log_plain.csv,,,,,,2026-05-07 10:30:00,,0.3333333333333333,1
,,,,,,,,,risk_log_plain.csv,,,,,,2026-05-07 10:40:00,,0.3333333333333333,1
,,,,,,,,,risk_log_plain.csv,,,,,,2026-05-07 10:50:00,,0.3333333333333334,1
,,,,,,,,,risk_log_plain.csv,,,,,,2026-05-07 11:00:00,,0.3333333333333333,1
,,,,,,,,,risk_log_plain.csv,,,,,,2026-05-07 11:10:00,,0.3333333333333333,1
,,,,,,,,,risk_log_plain.csv,,,,,,2026-05-07 11:20:00,,0.3333333333333333,1
,,,,,,,,,risk_log_plain.csv,,,,,,2026-05-07 11:30:00,,0.3333333333333333,1
,,,,,,,,,risk_log_plain.csv,,,,,,2026-05-07 11:40:00,,0.3333333333333333,1
,,,,,,,,,risk_log_plain.csv,,,,,,2026-05-07 11:50:00,,0.3333333333333333,1
,,,,,,,,,risk_log_plain.csv,,,,,,2026-05-07 12:00:00,,0.3333333333333333,1
,,,,,,,,,risk_log_plain.csv,,,,,,2026-05-07 12:10:00,,0.3333333333333333,1
,,,,,,,,,risk_log_plain.csv,,,,,,2026-05-07 12:20:00,,0.3333333333333333,1
,,,,,,,,,risk_log_plain.csv,,,,,,2026-05-07 12:30:00,,0.3333333333333333,1
,,,,,,,,,risk_log_plain.csv,,,,,,2026-05-07 12:40:00,,0.3333333333333333,1
,,,,,,,,,risk_log_plain.csv,,,,,,2026-05-07 12:50:00,,0.3333333333333333,1
,,,,,,,,,risk_log_plain.csv,,,,,,2026-05-07 13:00:00,,0.3333333333333333,1
,,,,,,,,,risk_log_plain.csv,,,,,,2026-05-07 13:10:00,,0.3333333333333333,1
,,,,,,,,,risk_log_plain.csv,,,,,,2026-05-07 13:20:00,,0.3333333333333333,1
,,,,,,,,,risk_log_plain.csv,,,,,,2026-05-07 13:30:00,,0.3333333333333333,1
,,,,,,,,,risk_log_plain.csv,,,,,,2026-05-07 13:40:00,,0.3333333333333333,1
,,,,,,,,,risk_log_plain.csv,,,,,,2026-05-07 13:50:00,,0.3333296666666667,1
,,,,,,,,,risk_log_plain.csv,,,,,,2026-05-07 14:00:00,,0.3333333333333333,1
,,,,,,,,,risk_log_plain.csv,,,,,,2026-05-07 14:10:00,,0.3333333333333333,1
,,,,,,,,,risk_log_plain.csv,,,,,,2026-05-07 14:20:00,,0.3333333333333333,1
,,,,,,,,,risk_log_plain.csv,,,,,,2026-05-07 14:30:00,,0.3333333333333333,1
,,,,,,,,,risk_log_plain.csv,,,,,,2026-05-07 14:40:00,,0.3333333333333333,1
,,,,,,,,,risk_log_plain.csv,,,,,,2026-05-07 14:50:00,,0.3333333333333333,1
,,,,,,,,,risk_log_plain.csv,,,,,,2026-05-07 15:00:00,,0.3333333333333333,1
,,,,,,,,,risk_log_plain.csv,,,,,,2026-05-07 15:10:00,,0.3333333333333333,1
,,,,,,,,,risk_log_plain.csv,,,,,,2026-05-07 15:20:00,,0.3333333333333333,1
,,,,,,,,,risk_log_plain.csv,,,,,,2026-05-07 15:30:00,,0.3333333333333333,1
,,,,,,,,,risk_log_plain.csv,,,,,,2026-05-07 15:40:00,,0.3333333333333333,1
,,,,,,,,,risk_log_plain.csv,,,,,,2026-05-07 15:50:00,,0.3333333333333333,1
,,,,,,,,,risk_log_plain.csv,,,,,,2026-05-07 16:00:00,,0.3333333333333333,1
,,,,,,,,,risk_log_plain.csv,,,,,,2026-05-07 16:10:00,,0.3333333333333334,1
,,,,,,,,,risk_log_plain.csv,,,,,,2026-05-07 16:20:00,,0.3333333333333333,1
,,,,,,,,,risk_log_plain.csv,,,,,,2026-05-07 16:30:00,,0.3333333333333333,1
,,,,,,,,,risk_log_plain.csv,,,,,,2026-05-07 16:40:00,,0.3333333333333333,1
,,,,,,,,,risk_log_plain.csv,,,,,,2026-05-07 16:50:00,,0.3333333333333333,1
,,,,,,,,,risk_log_plain.csv,,,,,,2026-05-07 17:00:00,,0.3333333333333333,1
,,,,,,,,,risk_log_plain.csv,,,,,,2026-05-07 17:10:00,,0.3333333333333333,1
,,,,,,,,,risk_log_plain.csv,,,,,,2026-05-07 17:20:00,,0.3333333333333333,1
,,,,,,,,,risk_log_plain.csv,,,,,,2026-05-07 17:30:00,,0.3333333333333333,1
,,,,,,,,,risk_log_plain.csv,,,,,,2026-05-07 17:40:00,,0.3333333333333333,1
,,,,,,,,,risk_log_plain.csv,,,,,,2026-05-07 17:50:00,,0.3333333333333333,1
,,,,,,,,,risk_log_plain.csv,,,,,,2026-05-07 18:00:00,,0.3333333333333333,1
,,,,,,,,,risk_log_plain.csv,,,,,,2026-05-07 18:10:00,,0.3333333333333333,1
,,,,,,,,,risk_log_plain.csv,,,,,,2026-05-07 18:20:00,,0.3333333333333333,1
,,,,,,,,,risk_log_plain.csv,,,,,,2026-05-07 18:30:00,,0.3333333333333333,1
,,,,,,,,,risk_log_plain.csv,,,,,,2026-05-07 18:40:00,,0.3333333333333333,1
,,,,,,,,,risk_log_plain.csv,,,,,,2026-05-07 18:50:00,,0.3333333333333333,1
,,,,,,,,,risk_log_plain.csv,,,,,,2026-05-07 19:00:00,,0.3333333333333333,1
,,,,,,,,,risk_log_plain.csv,,,,,,2026-05-07 19:10:00,,0.3333296666666667,1
,,,,,,,,,risk_log_plain.csv,,,,,,2026-05-07 19:20:00,,0.3333333333333333,1
,,,,,,,,,risk_log_plain.csv,,,,,,2026-05-07 19:30:00,,0.3333333333333333,1
,,,,,,,,,risk_log_plain.csv,,,,,,2026-05-07 19:40:00,,0.3333333333333333,1
,,,,,,,,,risk_log_plain.csv,,,,,,2026-05-07 19:50:00,,0.3333333333333333,1
,,,,,,,,,risk_log_plain.csv,,,,,,2026-05-07 20:00:00,,0.3333333333333333,1
,,,,,,,,,risk_log_plain.csv,,,,,,2026-05-07 20:10:00,,0.3333333333333333,1
,,,,,,,,,risk_log_plain.csv,,,,,,2026-05-07 20:20:00,,0.3333333333333333,1
,,,,,,,,,risk_log_plain.csv,,,,,,2026-05-07 20:30:00,,0.3333333333333333,1
,,,,,,,,,risk_log_plain.csv,,,,,,2026-05-07 20:40:00,,0.3333333333333333,1
,,,,,,,,,risk_log_plain.csv,,,,,,2026-05-07 20:50:00,,0.3333333333333333,1
,,,,,,,,,risk_log_plain.csv,,,,,,2026-05-07 21:00:00,,0.3333333333333333,1
,,,,,,,,,risk_log_plain.csv,,,,,,2026-05-07 21:10:00,,0.3333333333333333,1
,,,,,,,,,risk_log_plain.csv,,,,,,2026-05-07 21:20:00,,0.3333333333333333,1
,,,,,,,,,risk_log_plain.csv,,,,,,2026-05-07 21:30:00,,0.3333333333333334,1
,,,,,,,,,risk_log_plain.csv,,,,,,2026-05-07 21:40:00,,0.3333333333333333,1
,,,,,,,,,risk_log_plain.csv,,,,,,2026-05-07 21:50:00,,0.3333333333333333,1
,,,,,,,,,risk_log_plain.csv,,,,,,2026-05-07 22:00:00,,0.3333333333333333,1
,,,,,,,,,risk_log_plain.csv,,,,,,2026-05-07 22:10:00,,0.3333333333333333,1
,,,,,,,,,risk_log_plain.csv,,,,,,2026-05-07 22:20:00,,0.3333333333333333,1
,,,,,,,,,risk_log_plain.csv,,,,,,2026-05-07 22:30:00,,0.3333333333333333,1
,,,,,,,,,risk_log_plain.csv,,,,,,2026-05-07 22:40:00,,0.3333333333333333,1
,,,,,,,,,risk_log_plain.csv,,,,,,2026-05-07 22:50:00,,0.3333333333333333,1
,,,,,,,,,risk_log_plain.csv,,,,,,2026-05-07 23:00:00,,0.3333333333333333,1
,,,,,,,,,risk_log_plain.csv,,,,,,2026-05-07 23:10:00,,0.3333333333333333,1
,,,,,,,,,risk_log_plain.csv,,,,,,2026-05-07 23:20:00,,0.3333333333333333,1
,,,,,,,,,risk_log_plain.csv,,,,,,2026-05-07 23:30:00,,0.3333333333333333,1
,,,,,,,,,risk_log_plain.csv,,,,,,2026-05-07 23:40:00,,0.3333333333333333,1
,,,,,,,,,risk_log_plain.csv,,,,,,2026-05-07 23:50:00,,0.3333333333333333,1
,,,,,,,,,risk_log_plain.csv,,,,,,2026-05-08 00:00:00,,0.3333333333333333,1
,,,,,,,,,risk_log_plain.csv,,,,,,2026-05-08 00:10:00,,0.3333333333333333,1
,,,,,,,,,risk_log_plain.csv,,,,,,2026-05-08 00:20:00,,0.3333333333333333,1
,,,,,,,,,risk_log_plain.csv,,,,,,2026-05-08 00:30:00,,0.3333333333333333,1
,,,,,,,,,risk_log_plain.csv,,,,,,2026-05-08 00:40:00,,0.3333333333333333,1
,,,,,,,,,risk_log_plain.csv,,,,,,2026-05-08 00:50:00,,0.3333333333333333,1
,,,,,,,,,risk_log_plain.csv,,,,,,2026-05-08 01:00:00,,0.3333333333333333,1
,,,,,,,,,risk_log_plain.csv,,,,,,2026-05-08 01:10:00,,0.3333333333333333,1
,,,,,,,,,risk_log_plain.csv,,,,,,2026-05-08 01:20:00,,0.3333333333333333,1
,,,,,,,,,risk_log_plain.csv,,,,,,2026-05-08 01:30:00,,0.3333333333333333,1
,,,,,,,,,risk_log_plain.csv,,,,,,2026-05-08 01:40:00,,0.3333333333333333,1
,,,,,,,,,risk_log_plain.csv,,,,,,2026-05-08 01:50:00,,0.3333333333333333,1
,,,,,,,,,risk_log_plain.csv,,,,,,2026-05-08 02:00:00,,0.3333333333333333,1
,,,,,,,,,risk_log_plain.csv,,,,,,2026-05-08 02:10:00,,0.33,1
,,,,,,,,,risk_log_plain.csv,,,,,,2026-05-08 02:20:00,,0.3333333333333333,1
,,,,,,,,,risk_log_plain.csv,,,,,,2026-05-08 02:30:00,,0.3333333333333333,1
,,,,,,,,,risk_log_plain.csv,,,,,,2026-05-08 02:40:00,,0.3333333333333333,1
,,,,,,,,,risk_log_plain.csv,,,,,,2026-05-08 02:50:00,,0.3333333333333333,1
,,,,,,,,,risk_log_plain.csv,,,,,,2026-05-08 03:00:00,,0.3333333333333333,1
,,,,,,,,,risk_log_plain.csv,,,,,,2026-05-08 03:10:00,,0.3333296666666667,1
,,,,,,,,,risk_log_plain.csv,,,,,,2026-05-08 03:20:00,,0.3333333333333333,1
,,,,,,,,,risk_log_plain.csv,,,,,,2026-05-08 03:30:00,,0.3333333333333333,1
,,,,,,,,,risk_log_plain.csv,,,,,,2026-05-08 03:40:00,,0.3333333333333333,1
,,,,,,,,,risk_log_plain.csv,,,,,,2026-05-08 03:50:00,,0.3333333333333333,1
,,,,,,,,,risk_log_plain.csv,,,,,,2026-05-08 04:00:00,,0.3333333333333333,1
,,,,,,,,,risk_log_plain.csv,,,,,,2026-05-08 04:10:00,,0.3333333333333333,1
,,,,,,,,,risk_log_plain.csv,,,,,,2026-05-08 04:20:00,,0.3333333333333333,1
,,,,,,,,,risk_log_plain.csv,,,,,,2026-05-08 04:30:00,,0.3333333333333333,1
,,,,,,,,,risk_log_plain.csv,,,,,,2026-05-08 04:40:00,,0.3333333333333333,1
,,,,,,,,,risk_log_plain.csv,,,,,,2026-05-08 04:50:00,,0.3333333333333333,1
,,,,,,,,,risk_log_plain.csv,,,,,,2026-05-08 05:00:00,,0.3333333333333333,1
,,,,,,,,,risk_log_plain.csv,,,,,,2026-05-08 05:10:00,,0.3333333333333333,1
,,,,,,,,,risk_log_plain.csv,,,,,,2026-05-08 05:20:00,,0.3333333333333333,1
,,,,,,,,,risk_log_plain.csv,,,,,,2026-05-08 05:30:00,,0.3333333333333334,1
,,,,,,,,,risk_log_plain.csv,,,,,,2026-05-08 05:40:00,,0.3333333333333333,1
,,,,,,,,,risk_log_plain.csv,,,,,,2026-05-08 05:50:00,,0.3333333333333333,1
,,,,,,,,,risk_log_plain.csv,,,,,,2026-05-08 06:00:00,,0.3333333333333333,1
,,,,,,,,,risk_log_plain.csv,,,,,,2026-05-08 06:10:00,,0.3333333333333333,1
,,,,,,,,,risk_log_plain.csv,,,,,,2026-05-08 06:20:00,,0.3333333333333333,1
,,,,,,,,,risk_log_plain.csv,,,,,,2026-05-08 06:30:00,,0.3333333333333333,1
,,,,,,,,,risk_log_plain.csv,,,,,,2026-05-08 06:40:00,,0.3333333333333333,1
,,,,,,,,,risk_log_plain.csv,,,,,,2026-05-08 06:50:00,,0.3333333333333333,1
,,,,,,,,,risk_log_plain.csv,,,,,,2026-05-08 07:00:00,,0.3333333333333333,1
,,,,,,,,,risk_log_plain.csv,,,,,,2026-05-08 07:10:00,,0.3333333333333333,1
,,,,,,,,,risk_log_plain.csv,,,,,,2026-05-08 07:20:00,,0.3333333333333333,1
,,,,,,,,,risk_log_plain.csv,,,,,,2026-05-08 07:30:00,,0.3333333333333333,1
,,,,,,,,,risk_log_plain.csv,,,,,,2026-05-08 07:40:00,,0.3333333333333333,1
,,,,,,,,,risk_log_plain.csv,,,,,,2026-05-08 07:50:00,,0.3333333333333333,1
,,,,,,,,,risk_log_plain.csv,,,,,,2026-05-08 08:00:00,,0.3333333333333333,1
,,,,,,,,,risk_log_plain.csv,,,,,,2026-05-08 08:10:00,,0.3333333333333333,1
,,,,,,,,,risk_log_plain.csv,,,,,,2026-05-08 08:20:00,,0.3333333333333333,1
,,,,,,,,,risk_log_plain.csv,,,,,,2026-05-08 08:30:00,,0.3333296666666667,1
,,,,,,,,,risk_log_plain.csv,,,,,,2026-05-08 08:40:00,,0.3333333333333333,1
,,,,,,,,,risk_log_plain.csv,,,,,,2026-05-08 08:50:00,,0.3333333333333333,1
,,,,,,,,,risk_log_plain.csv,,,,,,2026-05-08 09:00:00,,0.3333333333333333,1
,,,,,,,,,risk_log_plain.csv,,,,,,2026-05-08 09:10:00,,0.3333333333333333,1
,,,,,,,,,risk_log_plain.csv,,,,,,2026-05-08 09:20:00,,0.3333333333333333,1
,,,,,,,,,risk_log_plain.csv,,,,,,2026-05-08 09:30:00,,0.3333333333333333,1
,,,,,,,,,risk_log_plain.csv,,,,,,2026-05-08 09:40:00,,0.3333333333333333,1
,,,,,,,,,risk_log_plain.csv,,,,,,2026-05-08 09:50:00,,0.3333333333333333,1
,,,,,,,,,risk_log_plain.csv,,,,,,2026-05-08 10:00:00,,0.3333333333333333,1
,,,,,,,,,risk_log_plain.csv,,,,,,2026-05-08 10:10:00,,0.3333333333333333,1
,,,,,,,,,risk_log_plain.csv,,,,,,2026-05-08 10:20:00,,0.3333333333333333,1
,,,,,,,,,risk_log_plain.csv,,,,,,2026-05-08 10:30:00,,0.3333333333333333,1
,,,,,,,,,risk_log_plain.csv,,,,,,2026-05-08 10:40:00,,0.3333333333333333,1
,,,,,,,,,risk_log_plain.csv,,,,,,2026-05-08 10:50:00,,0.3333333333333334,1
,,,,,,,,,risk_log_plain.csv,,,,,,2026-05-08 11:00:00,,0.3333333333333333,1
,,,,,,,,,risk_log_plain.csv,,,,,,2026-05-08 11:10:00,,0.3333333333333333,1
,,,,,,,,,risk_log_plain.csv,,,,,,2026-05-08 11:20:00,,0.3333333333333333,1
,,,,,,,,,risk_log_plain.csv,,,,,,2026-05-08 11:30:00,,0.3333333333333333,1
,,,,,,,,,risk_log_plain.csv,,,,,,2026-05-08 11:40:00,,0.3333333333333333,1
,,,,,,,,,risk_log_plain.csv,,,,,,2026-05-08 11:50:00,,0.3333333333333333,1
,,,,,,,,,risk_log_plain.csv,,,,,,2026-05-08 12:00:00,,0.3333333333333333,1
,,,,,,,,,risk_log_plain.csv,,,,,,2026-05-08 12:10:00,,0.3333333333333333,1
,,,,,,,,,risk_log_plain.csv,,,,,,2026-05-08 12:20:00,,0.3333333333333333,1
,,,,,,,,,risk_log_plain.csv,,,,,,2026-05-08 12:30:00,,0.3333333333333333,1
,,,,,,,,,risk_log_plain.csv,,,,,,2026-05-08 12:40:00,,0.3333333333333333,1
,,,,,,,,,risk_log_plain.csv,,,,,,2026-05-08 12:50:00,,0.3333333333333333,1
,,,,,,,,,risk_log_plain.csv,,,,,,2026-05-08 13:00:00,,0.3333333333333333,1
,,,,,,,,,risk_log_plain.csv,,,,,,2026-05-08 13:10:00,,0.3333333333333333,1
,,,,,,,,,risk_log_plain.csv,,,,,,2026-05-08 13:20:00,,0.3333333333333333,1
,,,,,,,,,risk_log_plain.csv,,,,,,2026-05-08 13:30:00,,0.3333333333333333,1
,,,,,,,,,risk_log_plain.csv,,,,,,2026-05-08 13:40:00,,0.3333333333333333,1
,,,,,,,,,risk_log_plain.csv,,,,,,2026-05-08 13:50:00,,0.3333296666666667,1
,,,,,,,,,risk_log_plain.csv,,,,,,2026-05-08 14:00:00,,0.3333333333333333,1
,,,,,,,,,risk_log_plain.csv,,,,,,2026-05-08 14:10:00,,0.3333333333333333,1
,,,,,,,,,risk_log_plain.csv,,,,,,2026-05-08 14:20:00,,0.3333333333333333,1
,,,,,,,,,risk_log_plain.csv,,,,,,2026-05-08 14:30:00,,0.3333333333333333,1
,,,,,,,,,risk_log_plain.csv,,,,,,2026-05-08 14:40:00,,0.3333333333333333,1
,,,,,,,,,risk_log_plain.csv,,,,,,2026-05-08 14:50:00,,0.3333333333333333,1
,,,,,,,,,risk_log_plain.csv,,,,,,2026-05-08 15:00:00,,0.3333333333333333,1
,,,,,,,,,risk_log_plain.csv,,,,,,2026-05-08 15:10:00,,0.3333333333333333,1
,,,,,,,,,risk_log_plain.csv,,,,,,2026-05-08 15:20:00,,0.3333333333333333,1
,,,,,,,,,risk_log_plain.csv,,,,,,2026-05-08 15:30:00,,0.3333333333333333,1
,,,,,,,,,risk_log_plain.csv,,,,,,2026-05-08 15:40:00,,0.3333333333333333,1
,,,,,,,,,risk_log_plain.csv,,,,,,2026-05-08 15:50:00,,0.3333333333333333,1
,,,,,,,,,risk_log_plain.csv,,,,,,2026-05-08 16:00:00,,0.3333333333333333,1
,,,,,,,,,risk_log_plain.csv,,,,,,2026-05-08 16:10:00,,0.3333333333333334,1
,,,,,,,,,risk_log_plain.csv,,,,,,2026-05-08 16:20:00,,0.3333333333333333,1
,,,,,,,,,risk_log_plain.csv,,,,,,2026-05-08 16:30:00,,0.3333333333333333,1
,,,,,,,,,risk_log_plain.csv,,,,,,2026-05-08 16:40:00,,0.3333333333333333,1
,,,,,,,,,risk_log_plain.csv,,,,,,2026-05-08 16:50:00,,0.3333333333333333,1
,,,,,,,,,risk_log_plain.csv,,,,,,2026-05-08 17:00:00,,0.3333333333333333,1
,,,,,,,,,risk_log_plain.csv,,,,,,2026-05-08 17:10:00,,0.3333333333333333,1
,,,,,,,,,risk_log_plain.csv,,,,,,2026-05-08 17:20:00,,0.3333333333333333,1
,,,,,,,,,risk_log_plain.csv,,,,,,2026-05-08 17:30:00,,0.3333333333333333,1
,,,,,,,,,risk_log_plain.csv,,,,,,2026-05-08 17:40:00,,0.3333333333333333,1
,,,,,,,,,risk_log_plain.csv,,,,,,2026-05-08 17:50:00,,0.3333333333333333,1
,,,,,,,,,risk_log_plain.csv,,,,,,2026-05-08 18:00:00,,0.3333333333333333,1
,,,,,,,,,risk_log_plain.csv,,,,,,2026-05-08 18:10:00,,0.3333333333333333,1
,,,,,,,,,risk_log_plain.csv,,,,,,2026-05-08 18:20:00,,0.3333333333333333,1
,,,,,,,,,risk_log_plain.csv,,,,,,2026-05-08 18:30:00,,0.3333333333333333,1
,,,,,,,,,risk_log_plain.csv,,,,,,2026-05-08 18:40:00,,0.3333333333333333,1
,,,,,,,,,risk_log_plain.csv,,,,,,2026-05-08 18:50:00,,0.3333333333333333,1
,,,,,,,,,risk_log_plain.csv,,,,,,2026-05-08 19:00:00,,0.3333333333333333,1
,,,,,,,,,risk_log_plain.csv,,,,,,2026-05-08 19:10:00,,0.3333296666666667,1
,,,,,,,,,risk_log_plain.csv,,,,,,2026-05-08 19:20:00,,0.3333333333333333,1
,,,,,,,,,risk_log_plain.csv,,,,,,2026-05-08 19:30:00,,0.3333333333333333,1
,,,,,,,,,risk_log_plain.csv,,,,,,2026-05-08 19:40:00,,0.3333333333333333,1
,,,,,,,,,risk_log_plain.csv,,,,,,2026-05-08 19:50:00,,0.3333333333333333,1
,,,,,,,,,risk_log_plain.csv,,,,,,2026-05-08 20:00:00,,0.3333333333333333,1
,,,,,,,,,risk_log_plain.csv,,,,,,2026-05-08 20:10:00,,0.3333333333333333,1
,,,,,,,,,risk_log_plain.csv,,,,,,2026-05-08 20:20:00,,0.3333333333333333,1
,,,,,,,,,risk_log_plain.csv,,,,,,2026-05-08 20:30:00,,0.3333333333333333,1
,,,,,,,,,risk_log_plain.csv,,,,,,2026-05-08 20:40:00,,0.3333333333333333,1
,,,,,,,,,risk_log_plain.csv,,,,,,2026-05-08 20:50:00,,0.3333333333333333,1
,,,,,,,,,risk_log_plain.csv,,,,,,2026-05-08 21:00:00,,0.3333333333333333,1
,,,,,,,,,risk_log_plain.csv,,,,,,2026-05-08 21:10:00,,0.3333333333333333,1
,,,,,,,,,risk_log_plain.csv,,,,,,2026-05-08 21:20:00,,0.3333333333333333,1
,,,,,,,,,risk_log_plain.csv,,,,,,2026-05-08 21:30:00,,0.3333333333333334,1
,,,,,,,,,risk_log_plain.csv,,,,,,2026-05-08 21:40:00,,0.3333333333333333,1
,,,,,,,,,risk_log_plain.csv,,,,,,2026-05-08 21:50:00,,0.3333333333333333,1
,,,,,,,,,risk_log_plain.csv,,,,,,2026-05-08 22:00:00,,0.3333333333333333,1
,,,,,,,,,risk_log_plain.csv,,,,,,2026-05-08 22:10:00,,0.3333333333333333,1
,,,,,,,,,risk_log_plain.csv,,,,,,2026-05-08 22:20:00,,0.3333333333333333,1
,,,,,,,,,risk_log_plain.csv,,,,,,2026-05-08 22:30:00,,0.3333333333333333,1
,,,,,,,,,risk_log_plain.csv,,,,,,2026-05-08 22:40:00,,0.3333333333333333,1
,,,,,,,,,risk_log_plain.csv,,,,,,2026-05-08 22:50:00,,0.3333333333333333,1
,,,,,,,,,risk_log_plain.csv,,,,,,2026-05-08 23:00:00,,0.3333333333333333,1
,,,,,,,,,risk_log_plain.csv,,,,,,2026-05-08 23:10:00,,0.3333333333333333,1
,,,,,,,,,risk_log_plain.csv,,,,,,2026-05-08 23:20:00,,0.3333333333333333,1
,,,,,,,,,risk_log_plain.csv,,,,,,2026-05-08 23:30:00,,0.3333333333333333,1
,,,,,,,,,risk_log_plain.csv,,,,,,2026-05-08 23:40:00,,0.3333333333333333,1
,,,,,,,,,risk_log_plain.csv,,,,,,2026-05-08 23:50:00,,0.3333333333333333,1
,,,,,,,,,risk_log_plain.csv,,,,,,2026-05-09 00:00:00,,0.3333333333333333,1
,,,,,,,,,risk_log_plain.csv,,,,,,2026-05-09 00:10:00,,0.3333333333333333,1
,,,,,,,,,risk_log_plain.csv,,,,,,2026-05-09 00:20:00,,0.3333333333333333,1
,,,,,,,,,risk_log_plain.csv,,,,,,2026-05-09 00:30:00,,0.3333333333333333,1
,,,,,,,,,risk_log_plain.csv,,,,,,2026-05-09 00:40:00,,0.3333333333333333,1
,,,,,,,,,risk_log_plain.csv,,,,,,2026-05-09 00:50:00,,0.3333333333333333,1
,,,,,,,,,risk_log_plain.csv,,,,,,2026-05-09 01:00:00,,0.3333333333333333,1
,,,,,,,,,risk_log_plain.csv,,,,,,2026-05-09 01:10:00,,0.3333333333333333,1
,,,,,,,,,risk_log_plain.csv,,,,,,2026-05-09 01:20:00,,0.3333333333333333,1
,,,,,,,,,risk_log_plain.csv,,,,,,2026-05-09 01:30:00,,0.3333333333333333,1
,,,,,,,,,risk_log_plain.csv,,,,,,2026-05-09 01:40:00,,0.3333333333333333,1
,,,,,,,,,risk_log_plain.csv,,,,,,2026-05-09 01:50:00,,0.3333333333333333,1
,,,,,,,,,risk_log_plain.csv,,,,,,2026-05-09 02:00:00,,0.3333333333333333,1
,,,,,,,,,risk_log_plain.csv,,,,,,2026-05-09 02:10:00,,0.3333333333333333,1
,,,,,,,,,risk_log_plain.csv,,,,,,2026-05-09 02:20:00,,0.3333333333333333,1
,,,,,,,,,risk_log_plain.csv,,,,,,2026-05-09 02:30:00,,0.3333333333333333,1
,,,,,,,,,risk_log_plain.csv,,,,,,2026-05-09 02:40:00,,0.3333333333333333,1
,,,,,,,,,risk_log_plain.csv,,,,,,2026-05-09 02:50:00,,0.3333333333333333,1
,,,,,,,,,risk_log_plain.csv,,,,,,2026-05-09 03:00:00,,0.3333333333333333,1
,,,,,,,,,risk_log_plain.csv,,,,,,2026-05-09 03:10:00,,0.3333333333333333,1
,,,,,,,,,risk_log_plain.csv,,,,,,2026-05-09 03:20:00,,0.3333333333333333,1
,,,,,,,,,risk_log_plain.csv,,,,,,2026-05-09 03:30:00,,0.3333333333333333,1
,,,,,,,,,risk_log_plain.csv,,,,,,2026-05-09 03:40:00,,0.3333333333333333,1
,,,,,,,,,risk_log_plain.csv,,,,,,2026-05-09 03:50:00,,0.3333256666666667,1
,,,,,,,,,risk_log_plain.csv,,,,,,2026-05-09 04:00:00,,0.3333333333333333,1
,,,,,,,,,risk_log_plain.csv,,,,,,2026-05-09 04:10:00,,0.3333333333333333,1
,,,,,,,,,risk_log_plain.csv,,,,,,2026-05-09 04:20:00,,0.3333333333333333,1
,,,,,,,,,risk_log_plain.csv,,,,,,2026-05-09 04:30:00,,0.3334593333333333,1
,,,,,,,,,risk_log_plain.csv,,,,,,2026-05-09 04:40:00,,0.3333333333333333,1
,,,,,,,,,risk_log_plain.csv,,,,,,2026-05-09 04:50:00,,0.3333333333333333,1
,,,,,,,,,risk_log_plain.csv,,,,,,2026-05-09 05:00:00,,0.3333333333333333,1
,,,,,,,,,risk_log_plain.csv,,,,,,2026-05-09 05:10:00,,0.3333333333333333,1
,,,,,,,,,risk_log_plain.csv,,,,,,2026-05-09 05:20:00,,0.3333333333333333,1
,,,,,,,,,risk_log_plain.csv,,,,,,2026-05-09 05:30:00,,0.3333333333333333,1
,,,,,,,,,risk_log_plain.csv,,,,,,2026-05-09 05:40:00,,0.3333333333333333,1
,,,,,,,,,risk_log_plain.csv,,,,,,2026-05-09 05:50:00,,0.3333333333333333,1
,,,,,,,,,risk_log_plain.csv,,,,,,2026-05-09 06:00:00,,0.3333333333333333,1
,,,,,,,,,risk_log_plain.csv,,,,,,2026-05-09 06:10:00,,0.333667,1
,,,,,,,,,risk_log_plain.csv,,,,,,2026-05-09 06:20:00,,0.3333333333333333,1
,,,,,,,,,risk_log_plain.csv,,,,,,2026-05-09 06:30:00,,0.3333333333333333,1
,,,,,,,,,risk_log_plain.csv,,,,,,2026-05-09 06:40:00,,0.3333363333333333,1
,,,,,,,,,risk_log_plain.csv,,,,,,2026-05-09 06:50:00,,0.3333333333333333,1
,,,,,,,,,risk_log_plain.csv,,,,,,2026-05-09 07:00:00,,0.3333333333333333,1
,,,,,,,,,risk_log_plain.csv,,,,,,2026-05-09 07:10:00,,0.3332593333333333,1
,,,,,,,,,risk_log_plain.csv,,,,,,2026-05-09 07:20:00,,0.3333333333333333,1
,,,,,,,,,risk_log_plain.csv,,,,,,2026-05-09 07:30:00,,0.3337003333333333,1
,,,,,,,,,risk_log_plain.csv,,,,,,2026-05-09 07:40:00,,0.3333333333333333,1
,,,,,,,,,risk_log_plain.csv,,,,,,2026-05-09 07:50:00,,0.3336666666666666,1
,,,,,,,,,risk_log_plain.csv,,,,,,2026-05-09 08:00:00,,0.3333363333333333,1
,,,,,,,,,risk_log_plain.csv,,,,,,2026-05-09 08:10:00,,0.3333333333333333,1
,,,,,,,,,risk_log_plain.csv,,,,,,2026-05-09 08:20:00,,0.3333666666666666,1
,,,,,,,,,risk_log_plain.csv,,,,,,2026-05-09 08:30:00,,0.3331886666666666,1
,,,,,,,,,risk_log_plain.csv,,,,,,2026-05-09 08:40:00,,0.3336666666666666,1
,,,,,,,,,risk_log_plain.csv,,,,,,2026-05-09 08:50:00,,0.3337036666666666,1
,,,,,,,,,risk_log_plain.csv,,,,,,2026-05-09 09:00:00,,0.3333333333333333,1
,,,,,,,,,risk_log_plain.csv,,,,,,2026-05-09 09:10:00,,0.3337,1
,,,,,,,,,risk_log_plain.csv,,,,,,2026-05-09 09:20:00,,0.3333363333333333,1
,,,,,,,,,risk_log_plain.csv,,,,,,2026-05-09 09:30:00,,0.3333366666666666,1
,,,,,,,,,risk_log_plain.csv,,,,,,2026-05-09 09:40:00,,0.3333666666666666,1
,,,,,,,,,risk_log_plain.csv,,,,,,2026-05-09 09:50:00,,0.333148,1
,,,,,,,,,risk_log_plain.csv,,,,,,2026-05-09 10:00:00,,0.3337,1
,,,,,,,,,risk_log_plain.csv,,,,,,2026-05-09 10:10:00,,0.3337036666666666,1
,,,,,,,,,risk_log_plain.csv,,,,,,2026-05-09 10:20:00,,0.3333333333333333,1
,,,,,,,,,risk_log_plain.csv,,,,,,2026-05-09 10:30:00,,0.3337033333333333,1
,,,,,,,,,risk_log_plain.csv,,,,,,2026-05-09 10:40:00,,0.3333363333333333,1
,,,,,,,,,risk_log_plain.csv,,,,,,2026-05-09 10:50:00,,0.33337,1
,,,,,,,,,risk_log_plain.csv,,,,,,2026-05-09 11:00:00,,0.3333666666666666,1
,,,,,,,,,risk_log_plain.csv,,,,,,2026-05-09 11:10:00,,0.3334073333333333,1
,,,,,,,,,risk_log_plain.csv,,,,,,2026-05-09 11:20:00,,0.3337033333333333,1
,,,,,,,,,risk_log_plain.csv,,,,,,2026-05-09 11:30:00,,0.3337036666666667,1
,,,,,,,,,risk_log_plain.csv,,,,,,2026-05-09 11:40:00,,0.3333366666666666,1
,,,,,,,,,risk_log_plain.csv,,,,,,2026-05-09 11:50:00,,0.3337033333333333,1
,,,,,,,,,risk_log_plain.csv,,,,,,2026-05-09 12:00:00,,0.3333363333333333,1
,,,,,,,,,risk_log_plain.csv,,,,,,2026-05-09 12:10:00,,0.33337,1
,,,,,,,,,risk_log_plain.csv,,,,,,2026-05-09 12:20:00,,0.3333666666666666,1
,,,,,,,,,risk_log_plain.csv,,,,,,2026-05-09 12:30:00,,0.3333333333333333,1
,,,,,,,,,risk_log_plain.csv,,,,,,2026-05-09 12:40:00,,0.3337033333333333,1
,,,,,,,,,risk_log_plain.csv,,,,,,2026-05-09 12:50:00,,0.3337036666666666,1
,,,,,,,,,risk_log_plain.csv,,,,,,2026-05-09 13:00:00,,0.33337,1
,,,,,,,,,risk_log_plain.csv,,,,,,2026-05-09 13:10:00,,0.3337033333333334,1
,,,,,,,,,risk_log_plain.csv,,,,,,2026-05-09 13:20:00,,0.3333363333333333,1
,,,,,,,,,risk_log_plain.csv,,,,,,2026-05-09 13:30:00,,0.33337,1
,,,,,,,,,risk_log_plain.csv,,,,,,2026-05-09 13:40:00,,0.3333666666666666,1
,,,,,,,,,risk_log_plain.csv,,,,,,2026-05-09 13:50:00,,0.3332593333333333,1
,,,,,,,,,risk_log_plain.csv,,,,,,2026-05-09 14:00:00,,0.3337033333333333,1
,,,,,,,,,risk_log_plain.csv,,,,,,2026-05-09 14:10:00,,0.3337036666666666,1
,,,,,,,,,risk_log_plain.csv,,,,,,2026-05-09 14:20:00,,0.33337,1
,,,,,,,,,risk_log_plain.csv,,,,,,2026-05-09 14:30:00,,0.3337033333333333,1
,,,,,,,,,risk_log_plain.csv,,,,,,2026-05-09 14:40:00,,0.3333363333333334,1
,,,,,,,,,risk_log_plain.csv,,,,,,2026-05-09 14:50:00,,0.3333699999999999,1
,,,,,,,,,risk_log_plain.csv,,,,,,2026-05-09 15:00:00,,0.3333666666666666,1
,,,,,,,,,risk_log_plain.csv,,,,,,2026-05-09 15:10:00,,0.3331853333333333,1
,,,,,,,,,risk_log_plain.csv,,,,,,2026-05-09 15:20:00,,0.3337033333333333,1
,,,,,,,,,risk_log_plain.csv,,,,,,2026-05-09 15:30:00,,0.3337036666666666,1
,,,,,,,,,risk_log_plain.csv,,,,,,2026-05-09 15:40:00,,0.3333699999999999,1
,,,,,,,,,risk_log_plain.csv,,,,,,2026-05-09 15:50:00,,0.3337033333333333,1
,,,,,,,,,risk_log_plain.csv,,,,,,2026-05-09 16:00:00,,0.3333363333333333,1
,,,,,,,,,risk_log_plain.csv,,,,,,2026-05-09 16:10:00,,0.33337,1
,,,,,,,,,risk_log_plain.csv,,,,,,2026-05-09 16:20:00,,0.3333666666666666,1
,,,,,,,,,risk_log_plain.csv,,,,,,2026-05-09 16:30:00,,0.3331113333333333,1
,,,,,,,,,risk_log_plain.csv,,,,,,2026-05-09 16:40:00,,0.3337033333333333,1
,,,,,,,,,risk_log_plain.csv,,,,,,2026-05-09 16:50:00,,0.3337036666666667,1
,,,,,,,,,risk_log_plain.csv,,,,,,2026-05-09 17:00:00,,0.33337,1
,,,,,,,,,risk_log_plain.csv,,,,,,2026-05-09 17:10:00,,0.3337033333333333,1
,,,,,,,,,risk_log_plain.csv,,,,,,2026-05-09 17:20:00,,0.3336696666666667,1
,,,,,,,,,risk_log_plain.csv,,,,,,2026-05-09 17:30:00,,0.33337,1
,,,,,,,,,risk_log_plain.csv,,,,,,2026-05-09 17:40:00,,0.3333666666666666,1
,,,,,,,,,risk_log_plain.csv,,,,,,2026-05-09 17:50:00,,0.3330373333333333,1
,,,,,,,,,risk_log_plain.csv,,,,,,2026-05-09 18:00:00,,0.3337033333333333,1
,,,,,,,,,risk_log_plain.csv,,,,,,2026-05-09 18:10:00,,0.3337036666666666,1
,,,,,,,,,risk_log_plain.csv,,,,,,2026-05-09 18:20:00,,0.33337,1
,,,,,,,,,risk_log_plain.csv,,,,,,2026-05-09 18:30:00,,0.3337033333333334,1
,,,,,,,,,risk_log_plain.csv,,,,,,2026-05-09 18:40:00,,0.3337033333333333,1
,,,,,,,,,risk_log_plain.csv,,,,,,2026-05-09 18:50:00,,0.33337,1
,,,,,,,,,risk_log_plain.csv,,,,,,2026-05-09 19:00:00,,0.3333666666666666,1
,,,,,,,,,risk_log_plain.csv,,,,,,2026-05-09 19:10:00,,0.3329633333333333,1
,,,,,,,,,risk_log_plain.csv,,,,,,2026-05-09 19:20:00,,0.3337033333333333,1
,,,,,,,,,risk_log_plain.csv,,,,,,2026-05-09 19:30:00,,0.334037,1
,,,,,,,,,risk_log_plain.csv,,,,,,2026-05-09 19:40:00,,0.33337,1
,,,,,,,,,risk_log_plain.csv,,,,,,2026-05-09 19:50:00,,0.3337033333333334,1
,,,,,,,,,risk_log_plain.csv,,,,,,2026-05-09 20:00:00,,0.3337066666666666,1
,,,,,,,,,risk_log_plain.csv,,,,,,2026-05-09 20:10:00,,0.3333699999999999,1
,,,,,,,,,risk_log_plain.csv,,,,,,2026-05-09 20:20:00,,0.33337,1
,,,,,,,,,risk_log_plain.csv,,,,,,2026-05-09 20:30:00,,0.3328893333333333,1
,,,,,,,,,risk_log_plain.csv,,,,,,2026-05-09 20:40:00,,0.3337033333333333,1
,,,,,,,,,risk_log_plain.csv,,,,,,2026-05-09 20:50:00,,0.3340703333333333,1
,,,,,,,,,risk_log_plain.csv,,,,,,2026-05-09 21:00:00,,0.33337,1
,,,,,,,,,risk_log_plain.csv,,,,,,2026-05-09 21:10:00,,0.3340366666666667,1
,,,,,,,,,risk_log_plain.csv,,,,,,2026-05-09 21:20:00,,0.334077,1
,,,,,,,,,risk_log_plain.csv,,,,,,2026-05-09 21:30:00,,0.33337,1
,,,,,,,,,risk_log_plain.csv,,,,,,2026-05-09 21:40:00,,0.3334033333333333,1
,,,,,,,,,risk_log_plain.csv,,,,,,2026-05-09 21:50:00,,0.3328186666666666,1
,,,,,,,,,risk_log_plain.csv,,,,,,2026-05-09 22:00:00,,0.3337033333333333,1
,,,,,,,,,risk_log_plain.csv,,,,,,2026-05-09 22:10:00,,0.3340736666666666,1
,,,,,,,,,risk_log_plain.csv,,,,,,2026-05-09 22:20:00,,0.33337,1
,,,,,,,,,risk_log_plain.csv,,,,,,2026-05-09 22:30:00,,0.33407,1
,,,,,,,,,risk_log_plain.csv,,,,,,2026-05-09 22:40:00,,0.3337066666666666,1
,,,,,,,,,risk_log_plain.csv,,,,,,2026-05-09 22:50:00,,0.3333733333333333,1
,,,,,,,,,risk_log_plain.csv,,,,,,2026-05-09 23:00:00,,0.3334033333333333,1
,,,,,,,,,risk_log_plain.csv,,,,,,2026-05-09 23:10:00,,0.332778,1
,,,,,,,,,risk_log_plain.csv,,,,,,2026-05-09 23:20:00,,0.3333333333333333,1
,,,,,,,,,risk_log_plain.csv,,,,,,2026-05-09 23:30:00,,0.3333333333333333,1
,,,,,,,,,risk_log_plain.csv,,,,,,2026-05-09 23:40:00,,0.3333333333333333,1
,,,,,,,,,risk_log_plain.csv,,,,,,2026-05-09 23:50:00,,0.3333333333333333,1
,,,,,,,,,risk_log_plain.csv,,,,,,2026-05-10 00:00:00,,0.3333333333333333,1
,,,,,,,,,risk_log_plain.csv,,,,,,2026-05-10 00:10:00,,0.3333333333333333,1
,,,,,,,,,risk_log_plain.csv,,,,,,2026-05-10 00:20:00,,0.3333333333333333,1
,,,,,,,,,risk_log_plain.csv,,,,,,2026-05-10 00:30:00,,0.3333333333333333,1
,,,,,,,,,risk_log_plain.csv,,,,,,2026-05-10 00:40:00,,0.3333333333333333,1
,,,,,,,,,risk_log_plain.csv,,,,,,2026-05-10 00:50:00,,0.3333333333333333,1
,,,,,,,,,risk_log_plain.csv,,,,,,2026-05-10 01:00:00,,0.3333333333333333,1
,,,,,,,,,risk_log_plain.csv,,,,,,2026-05-10 01:10:00,,0.3333333333333333,1
,,,,,,,,,risk_log_plain.csv,,,,,,2026-05-10 01:20:00,,0.3333333333333333,1
,,,,,,,,,risk_log_plain.csv,,,,,,2026-05-10 01:30:00,,0.3333333333333333,1
,,,,,,,,,risk_log_plain.csv,,,,,,2026-05-10 01:40:00,,0.3333333333333333,1
,,,,,,,,,risk_log_plain.csv,,,,,,2026-05-10 01:50:00,,0.3333333333333333,1
,,,,,,,,,risk_log_plain.csv,,,,,,2026-05-10 02:00:00,,0.3333333333333333,1
,,,,,,,,,risk_log_plain.csv,,,,,,2026-05-10 02:10:00,,0.3333333333333333,1
,,,,,,,,,risk_log_plain.csv,,,,,,2026-05-10 02:20:00,,0.3333333333333333,1
,,,,,,,,,risk_log_plain.csv,,,,,,2026-05-10 02:30:00,,0.3333333333333333,1
,,,,,,,,,risk_log_plain.csv,,,,,,2026-05-10 02:40:00,,0.3333333333333333,1
,,,,,,,,,risk_log_plain.csv,,,,,,2026-05-10 02:50:00,,0.3333333333333333,1
,,,,,,,,,risk_log_plain.csv,,,,,,2026-05-10 03:00:00,,0.3333333333333333,1
,,,,,,,,,risk_log_plain.csv,,,,,,2026-05-10 03:10:00,,0.3333333333333333,1
,,,,,,,,,risk_log_plain.csv,,,,,,2026-05-10 03:20:00,,0.3333333333333333,1
,,,,,,,,,risk_log_plain.csv,,,,,,2026-05-10 03:30:00,,0.3333333333333333,1
,,,,,,,,,risk_log_plain.csv,,,,,,2026-05-10 03:40:00,,0.3333333333333333,1
,,,,,,,,,risk_log_plain.csv,,,,,,2026-05-10 03:50:00,,0.3333256666666667,1
,,,,,,,,,risk_log_plain.csv,,,,,,2026-05-10 04:00:00,,0.3333333333333333,1
,,,,,,,,,risk_log_plain.csv,,,,,,2026-05-10 04:10:00,,0.3333333333333333,1
,,,,,,,,,risk_log_plain.csv,,,,,,2026-05-10 04:20:00,,0.3333333333333333,1
,,,,,,,,,risk_log_plain.csv,,,,,,2026-05-10 04:30:00,,0.3334593333333333,1
,,,,,,,,,risk_log_plain.csv,,,,,,2026-05-10 04:40:00,,0.3333333333333333,1
,,,,,,,,,risk_log_plain.csv,,,,,,2026-05-10 04:50:00,,0.3333333333333333,1
,,,,,,,,,risk_log_plain.csv,,,,,,2026-05-10 05:00:00,,0.3333333333333333,1
,,,,,,,,,risk_log_plain.csv,,,,,,2026-05-10 05:10:00,,0.3333333333333333,1
,,,,,,,,,risk_log_plain.csv,,,,,,2026-05-10 05:20:00,,0.3333333333333333,1
,,,,,,,,,risk_log_plain.csv,,,,,,2026-05-10 05:30:00,,0.3333333333333333,1
,,,,,,,,,risk_log_plain.csv,,,,,,2026-05-10 05:40:00,,0.3333333333333333,1
,,,,,,,,,risk_log_plain.csv,,,,,,2026-05-10 05:50:00,,0.3333333333333333,1
,,,,,,,,,risk_log_plain.csv,,,,,,2026-05-10 06:00:00,,0.3333333333333333,1
,,,,,,,,,risk_log_plain.csv,,,,,,2026-05-10 06:10:00,,0.333667,1
,,,,,,,,,risk_log_plain.csv,,,,,,2026-05-10 06:20:00,,0.3333333333333333,1
,,,,,,,,,risk_log_plain.csv,,,,,,2026-05-10 06:30:00,,0.3333333333333333,1
,,,,,,,,,risk_log_plain.csv,,,,,,2026-05-10 06:40:00,,0.3333363333333333,1
,,,,,,,,,risk_log_plain.csv,,,,,,2026-05-10 06:50:00,,0.3333333333333333,1
,,,,,,,,,risk_log_plain.csv,,,,,,2026-05-10 07:00:00,,0.3333333333333333,1
,,,,,,,,,risk_log_plain.csv,,,,,,2026-05-10 07:10:00,,0.3332593333333333,1
,,,,,,,,,risk_log_plain.csv,,,,,,2026-05-10 07:20:00,,0.3333333333333333,1
,,,,,,,,,risk_log_plain.csv,,,,,,2026-05-10 07:30:00,,0.3337003333333333,1
,,,,,,,,,risk_log_plain.csv,,,,,,2026-05-10 07:40:00,,0.3333333333333333,1
,,,,,,,,,risk_log_plain.csv,,,,,,2026-05-10 07:50:00,,0.3336666666666666,1
,,,,,,,,,risk_log_plain.csv,,,,,,2026-05-10 08:00:00,,0.3333363333333333,1
,,,,,,,,,risk_log_plain.csv,,,,,,2026-05-10 08:10:00,,0.3333333333333333,1
,,,,,,,,,risk_log_plain.csv,,,,,,2026-05-10 08:20:00,,0.3333666666666666,1
,,,,,,,,,risk_log_plain.csv,,,,,,2026-05-10 08:30:00,,0.3331886666666666,1
,,,,,,,,,risk_log_plain.csv,,,,,,2026-05-10 08:40:00,,0.3336666666666666,1
,,,,,,,,,risk_log_plain.csv,,,,,,2026-05-10 08:50:00,,0.3337036666666666,1
,,,,,,,,,risk_log_plain.csv,,,,,,2026-05-10 09:00:00,,0.3333333333333333,1
,,,,,,,,,risk_log_plain.csv,,,,,,2026-05-10 09:10:00,,0.3337,1
,,,,,,,,,risk_log_plain.csv,,,,,,2026-05-10 09:20:00,,0.3333363333333333,1
,,,,,,,,,risk_log_plain.csv,,,,,,2026-05-10 09:30:00,,0.3333366666666666,1
,,,,,,,,,risk_log_plain.csv,,,,,,2026-05-10 09:40:00,,0.3333666666666666,1
,,,,,,,,,risk_log_plain.csv,,,,,,2026-05-10 09:50:00,,0.333148,1
,,,,,,,,,risk_log_plain.csv,,,,,,2026-05-10 10:00:00,,0.3337,1
,,,,,,,,,risk_log_plain.csv,,,,,,2026-05-10 10:10:00,,0.3337036666666666,1
,,,,,,,,,risk_log_plain.csv,,,,,,2026-05-10 10:20:00,,0.3333333333333333,1
,,,,,,,,,risk_log_plain.csv,,,,,,2026-05-10 10:30:00,,0.3337033333333333,1
,,,,,,,,,risk_log_plain.csv,,,,,,2026-05-10 10:40:00,,0.3333363333333333,1
,,,,,,,,,risk_log_plain.csv,,,,,,2026-05-10 10:50:00,,0.33337,1
,,,,,,,,,risk_log_plain.csv,,,,,,2026-05-10 11:00:00,,0.3333666666666666,1
,,,,,,,,,risk_log_plain.csv,,,,,,2026-05-10 11:10:00,,0.3334073333333333,1
,,,,,,,,,risk_log_plain.csv,,,,,,2026-05-10 11:20:00,,0.3337033333333333,1
,,,,,,,,,risk_log_plain.csv,,,,,,2026-05-10 11:30:00,,0.3337036666666667,1
,,,,,,,,,risk_log_plain.csv,,,,,,2026-05-10 11:40:00,,0.3333366666666666,1
,,,,,,,,,risk_log_plain.csv,,,,,,2026-05-10 11:50:00,,0.3337033333333333,1
,,,,,,,,,risk_log_plain.csv,,,,,,2026-05-10 12:00:00,,0.3333363333333333,1
,,,,,,,,,risk_log_plain.csv,,,,,,2026-05-10 12:10:00,,0.33337,1
,,,,,,,,,risk_log_plain.csv,,,,,,2026-05-10 12:20:00,,0.3333666666666666,1
,,,,,,,,,risk_log_plain.csv,,,,,,2026-05-10 12:30:00,,0.3333333333333333,1
,,,,,,,,,risk_log_plain.csv,,,,,,2026-05-10 12:40:00,,0.3337033333333333,1
,,,,,,,,,risk_log_plain.csv,,,,,,2026-05-10 12:50:00,,0.3337036666666666,1
,,,,,,,,,risk_log_plain.csv,,,,,,2026-05-10 13:00:00,,0.33337,1
,,,,,,,,,risk_log_plain.csv,,,,,,2026-05-10 13:10:00,,0.3337033333333334,1
,,,,,,,,,risk_log_plain.csv,,,,,,2026-05-10 13:20:00,,0.3333363333333333,1
,,,,,,,,,risk_log_plain.csv,,,,,,2026-05-10 13:30:00,,0.33337,1
,,,,,,,,,risk_log_plain.csv,,,,,,2026-05-10 13:40:00,,0.3333666666666666,1
,,,,,,,,,risk_log_plain.csv,,,,,,2026-05-10 13:50:00,,0.3332593333333333,1
,,,,,,,,,risk_log_plain.csv,,,,,,2026-05-10 14:00:00,,0.3337033333333333,1
,,,,,,,,,risk_log_plain.csv,,,,,,2026-05-10 14:10:00,,0.3337036666666666,1
,,,,,,,,,risk_log_plain.csv,,,,,,2026-05-10 14:20:00,,0.33337,1
,,,,,,,,,risk_log_plain.csv,,,,,,2026-05-10 14:30:00,,0.3337033333333333,1
,,,,,,,,,risk_log_plain.csv,,,,,,2026-05-10 14:40:00,,0.3333363333333334,1
,,,,,,,,,risk_log_plain.csv,,,,,,2026-05-10 14:50:00,,0.3333699999999999,1
,,,,,,,,,risk_log_plain.csv,,,,,,2026-05-10 15:00:00,,0.3333666666666666,1
,,,,,,,,,risk_log_plain.csv,,,,,,2026-05-10 15:10:00,,0.3331853333333333,1
,,,,,,,,,risk_log_plain.csv,,,,,,2026-05-10 15:20:00,,0.3337033333333333,1
,,,,,,,,,risk_log_plain.csv,,,,,,2026-05-10 15:30:00,,0.3337036666666666,1
,,,,,,,,,risk_log_plain.csv,,,,,,2026-05-10 15:40:00,,0.3333699999999999,1
,,,,,,,,,risk_log_plain.csv,,,,,,2026-05-10 15:50:00,,0.3337033333333333,1
,,,,,,,,,risk_log_plain.csv,,,,,,2026-05-10 16:00:00,,0.3333363333333333,1
,,,,,,,,,risk_log_plain.csv,,,,,,2026-05-10 16:10:00,,0.33337,1
,,,,,,,,,risk_log_plain.csv,,,,,,2026-05-10 16:20:00,,0.3333666666666666,1
,,,,,,,,,risk_log_plain.csv,,,,,,2026-05-10 16:30:00,,0.3331113333333333,1
,,,,,,,,,risk_log_plain.csv,,,,,,2026-05-10 16:40:00,,0.3337033333333333,1
,,,,,,,,,risk_log_plain.csv,,,,,,2026-05-10 16:50:00,,0.3337036666666667,1
,,,,,,,,,risk_log_plain.csv,,,,,,2026-05-10 17:00:00,,0.33337,1
,,,,,,,,,risk_log_plain.csv,,,,,,2026-05-10 17:10:00,,0.3337033333333333,1
,,,,,,,,,risk_log_plain.csv,,,,,,2026-05-10 17:20:00,,0.3336696666666667,1
,,,,,,,,,risk_log_plain.csv,,,,,,2026-05-10 17:30:00,,0.33337,1
,,,,,,,,,risk_log_plain.csv,,,,,,2026-05-10 17:40:00,,0.3333666666666666,1
,,,,,,,,,risk_log_plain.csv,,,,,,2026-05-10 17:50:00,,0.3330373333333333,1
,,,,,,,,,risk_log_plain.csv,,,,,,2026-05-10 18:00:00,,0.3337033333333333,1
,,,,,,,,,risk_log_plain.csv,,,,,,2026-05-10 18:10:00,,0.3337036666666666,1
,,,,,,,,,risk_log_plain.csv,,,,,,2026-05-10 18:20:00,,0.33337,1
,,,,,,,,,risk_log_plain.csv,,,,,,2026-05-10 18:30:00,,0.3337033333333334,1
,,,,,,,,,risk_log_plain.csv,,,,,,2026-05-10 18:40:00,,0.3337033333333333,1
,,,,,,,,,risk_log_plain.csv,,,,,,2026-05-10 18:50:00,,0.33337,1
,,,,,,,,,risk_log_plain.csv,,,,,,2026-05-10 19:00:00,,0.3333666666666666,1
,,,,,,,,,risk_log_plain.csv,,,,,,2026-05-10 19:10:00,,0.3329633333333333,1
,,,,,,,,,risk_log_plain.csv,,,,,,2026-05-10 19:20:00,,0.3337033333333333,1
,,,,,,,,,risk_log_plain.csv,,,,,,2026-05-10 19:30:00,,0.334037,1
,,,,,,,,,risk_log_plain.csv,,,,,,2026-05-10 19:40:00,,0.33337,1
,,,,,,,,,risk_log_plain.csv,,,,,,2026-05-10 19:50:00,,0.3337033333333334,1
,,,,,,,,,risk_log_plain.csv,,,,,,2026-05-10 20:00:00,,0.3337066666666666,1
,,,,,,,,,risk_log_plain.csv,,,,,,2026-05-10 20:10:00,,0.3333699999999999,1
,,,,,,,,,risk_log_plain.csv,,,,,,2026-05-10 20:20:00,,0.33337,1
,,,,,,,,,risk_log_plain.csv,,,,,,2026-05-10 20:30:00,,0.3328893333333333,1
,,,,,,,,,risk_log_plain.csv,,,,,,2026-05-10 20:40:00,,0.3337033333333333,1
,,,,,,,,,risk_log_plain.csv,,,,,,2026-05-10 20:50:00,,0.3340703333333333,1
,,,,,,,,,risk_log_plain.csv,,,,,,2026-05-10 21:00:00,,0.33337,1
,,,,,,,,,risk_log_plain.csv,,,,,,2026-05-10 21:10:00,,0.3340366666666667,1
,,,,,,,,,risk_log_plain.csv,,,,,,2026-05-10 21:20:00,,0.3337066666666666,1
,,,,,,,,,risk_log_plain.csv,,,,,,2026-05-10 21:30:00,,0.33337,1
,,,,,,,,,risk_log_plain.csv,,,,,,2026-05-10 21:40:00,,0.3334033333333333,1
,,,,,,,,,risk_log_plain.csv,,,,,,2026-05-10 21:50:00,,0.3328186666666666,1
,,,,,,,,,risk_log_plain.csv,,,,,,2026-05-10 22:00:00,,0.3337033333333333,1
,,,,,,,,,risk_log_plain.csv,,,,,,2026-05-10 22:10:00,,0.3340736666666666,1
,,,,,,,,,risk_log_plain.csv,,,,,,2026-05-10 22:20:00,,0.33337,1
,,,,,,,,,risk_log_plain.csv,,,,,,2026-05-10 22:30:00,,0.33407,1
,,,,,,,,,risk_log_plain.csv,,,,,,2026-05-10 22:40:00,,0.3337066666666666,1
,,,,,,,,,risk_log_plain.csv,,,,,,2026-05-10 22:50:00,,0.3333733333333333,1
,,,,,,,,,risk_log_plain.csv,,,,,,2026-05-10 23:00:00,,0.3334033333333333,1
,,,,,,,,,risk_log_plain.csv,,,,,,2026-05-10 23:10:00,,0.332778,1
,,,,,,,,,risk_log_plain.csv,,,,,,2026-05-10 23:20:00,,0.3333333333333333,1
,,,,,,,,,risk_log_plain.csv,,,,,,2026-05-10 23:30:00,,0.3333333333333333,1
,,,,,,,,,risk_log_plain.csv,,,,,,2026-05-10 23:40:00,,0.3333333333333333,1
,,,,,,,,,risk_log_plain.csv,,,,,,2026-05-10 23:50:00,,0.3333333333333333,1
,,,,,,,,,risk_log_plain.csv,,,,,,2026-05-27 19:28:38,,0.8200042624077406,3
,,,,,,,,,risk_log_plain.csv,,,,,,2026-05-27 19:28:48,,0.904133455357496,3
,,,,,,,,,risk_log_plain.csv,,,,,,2026-05-27 19:28:58,,0.9511280620093228,3
,,,,,,,,,risk_log_plain.csv,,,,,,2026-05-27 19:29:08,,0.97301835396127,3
,,,,,,,,,risk_log_plain.csv,,,,,,2026-05-27 19:29:18,,0.9258741563233888,3
,,,,,,,,,risk_log_plain.csv,,,,,,2026-05-27 19:29:28,,0.9053313637749356,3
,,,,,,,,,risk_log_plain.csv,,,,,,2026-05-27 19:29:38,,0.9504236246030636,3
,,,,,,,,,risk_log_plain.csv,,,,,,2026-05-27 19:29:48,,0.9685530511072162,3
,,,,,,,,,risk_log_plain.csv,,,,,,2026-05-27 19:29:58,,0.9768275866294498,3
,,,,,,,,,risk_log_plain.csv,,,,,,2026-05-27 19:30:08,,0.9806691119896151,3
,,,,,,,,,risk_log_plain.csv,,,,,,2026-05-27 19:30:18,,0.9903054995789848,3
,,,,,,,,,risk_log_plain.csv,,,,,,2026-05-27 19:30:28,,0.999213967624778,3
,,,,,,,,,risk_log_plain.csv,,,,,,2026-05-27 19:30:38,,0.8081462359371248,3
,,,,,,,,,risk_log_plain.csv,,,,,,2026-05-27 19:30:48,,0.7412863060757079,2
,,,,,,,,,risk_log_plain.csv,,,,,,2026-05-27 19:30:58,,0.5460798343558053,1
,,,,,,,,,risk_log_plain.csv,,,,,,2026-05-27 19:31:08,,0.7064925300594451,2
,,,,,,,,,risk_log_plain.csv,,,,,,2026-05-27 19:39:03,,0.7744045785958851,2
,,,,,,,,,risk_log_plain.csv,,,,,,2026-05-27 19:39:13,,0.7561516407769429,2
,,,,,,,,,risk_log_plain.csv,,,,,,2026-05-27 19:39:23,,0.7807441720786363,2
,,,,,,,,,risk_log_plain.csv,,,,,,2026-05-27 19:39:33,,0.5453519568217843,1
,,,,,,,,,risk_log_plain.csv,,,,,,2026-05-27 19:48:18,,0.7075824026526121,2
,,,,,,,,,risk_log_plain.csv,,,,,,2026-05-27 19:48:28,,0.8320076975971434,3
,,,,,,,,,risk_log_plain.csv,,,,,,2026-05-27 19:48:38,,0.9146526766032672,3
,,,,,,,,,risk_log_plain.csv,,,,,,2026-05-27 19:48:48,,0.9560542916139928,3
,,,,,,,,,risk_log_plain.csv,,,,,,2026-05-27 19:48:58,,0.97530645607696,3
